#{"t_start": 1674727166.545253, "env_id": null}
r,l,t
-21.0,765,12.368557
-21.0,765,12.368813
-21.0,765,12.368952
-21.0,783,12.955785
-21.0,853,13.64254
-21.0,853,13.642782
-21.0,853,13.64295
-20.0,905,14.54723
-20.0,838,23.172941
-20.0,871,23.495444
-21.0,852,24.554213
-21.0,867,24.703463
-19.0,984,25.156591
-19.0,1014,25.277202
-21.0,913,26.05438
-20.0,1186,28.498353
-20.0,920,34.742744
-20.0,871,35.667259
-20.0,1006,36.318525
-20.0,902,36.706457
-19.0,972,37.220735
-20.0,898,37.45759
-20.0,1044,38.391572
-20.0,870,39.759979
-20.0,870,45.775809
-21.0,843,46.030769
-20.0,928,47.892663
-20.0,902,48.535094
-20.0,926,48.997589
-21.0,853,49.212485
-19.0,1019,49.581454
-20.0,838,50.430214
-21.0,821,56.701318
-20.0,1042,58.979662
-21.0,827,59.310054
-21.0,783,59.844771
-20.0,945,60.155065
-19.0,950,60.438204
-20.0,961,61.617344
-20.0,934,62.157644
-21.0,815,66.911304
-21.0,783,69.603521
-21.0,853,69.953167
-20.0,842,70.616323
-20.0,1011,73.303822
-19.0,1115,73.719658
-21.0,969,74.617048
-19.0,1135,75.668012
-21.0,827,79.919129
-19.0,1033,80.013412
-21.0,821,80.224264
-20.0,900,82.068618
-21.0,887,84.633506
-20.0,890,85.971588
-21.0,811,86.275694
-21.0,1071,87.629264
-20.0,838,90.930659
-20.0,1020,92.908036
-20.0,1020,93.2015
-20.0,945,94.306106
-21.0,845,96.564572
-21.0,783,97.631819
-18.0,1076,98.280397
-20.0,1022,99.435571
-21.0,839,101.556004
-21.0,765,102.922771
-20.0,928,106.348386
-20.0,1022,106.557002
-21.0,825,108.318451
-20.0,964,109.543947
-21.0,849,109.747739
-20.0,842,110.498691
-20.0,889,114.819206
-20.0,1110,116.40693
-21.0,811,117.657149
-21.0,974,119.445793
-21.0,827,120.317649
-20.0,872,120.985236
-21.0,1007,121.595072
-21.0,853,121.639484
-20.0,959,128.48157
-20.0,890,128.66923
-20.0,1170,129.759868
-20.0,890,130.845128
-21.0,840,131.49363
-21.0,793,131.690372
-19.0,1029,133.459536
-20.0,1019,134.62928
-21.0,793,139.12123
-20.0,890,139.88282
-21.0,793,140.900537
-21.0,783,141.45251
-19.0,976,142.399014
-20.0,871,142.913221
-20.0,838,145.531992
-20.0,923,145.586623
-21.0,853,149.722071
-21.0,845,150.738436
-21.0,853,151.421973
-20.0,838,152.241898
-20.0,838,153.695859
-20.0,921,153.9916
-20.0,896,156.929411
-20.0,904,157.063743
-21.0,793,162.015166
-20.0,898,162.348102
-18.0,990,162.555655
-19.0,991,165.165403
-20.0,939,165.706123
-20.0,970,166.299373
-21.0,840,167.571791
-20.0,964,169.346072
-21.0,827,172.538004
-20.0,838,172.976642
-20.0,870,173.907916
-21.0,886,176.26569
-21.0,961,177.960047
-19.0,978,179.133354
-20.0,981,180.465554
-21.0,1125,184.153926
-20.0,940,185.638748
-18.0,1018,186.005164
-20.0,991,187.107866
-21.0,881,187.993271
-21.0,765,189.314718
-21.0,887,189.758464
-21.0,825,191.195297
-21.0,863,195.496035
-21.0,853,196.42544
-21.0,853,197.170715
-21.0,783,198.147371
-20.0,923,199.076413
-20.0,842,200.491467
-21.0,821,200.721185
-21.0,853,202.494917
-19.0,1086,209.446816
-20.0,962,209.501961
-19.0,1009,209.643112
-21.0,826,210.958756
-20.0,1134,212.865579
-20.0,1042,214.077784
-21.0,913,214.175406
-20.0,1269,215.492625
-21.0,887,221.04211
-20.0,889,221.249942
-20.0,921,221.428021
-21.0,853,224.101944
-21.0,783,224.233212
-21.0,783,225.607083
-18.0,1225,226.980832
-19.0,1062,227.795474
-21.0,825,232.117571
-21.0,887,232.541915
-20.0,917,232.633591
-21.0,826,234.919236
-19.0,1041,237.257844
-20.0,842,237.42708
-19.0,1043,238.775812
-21.0,1084,241.805515
-21.0,783,242.088685
-21.0,872,243.844431
-19.0,944,244.844825
-21.0,886,245.879751
-21.0,783,247.234299
-21.0,825,248.233763
-20.0,1101,253.075276
-21.0,885,253.454333
-21.0,942,253.746668
-21.0,783,253.849149
-21.0,825,258.017106
-19.0,1159,259.63773
-20.0,1085,259.967884
-18.0,1194,263.313697
-21.0,945,265.971807
-20.0,1020,266.036005
-20.0,1015,266.367365
-21.0,991,266.526695
-21.0,765,269.364321
-21.0,765,269.694248
-20.0,980,270.214025
-21.0,765,273.046423
-21.0,827,276.305553
-20.0,896,277.903795
-19.0,999,278.41612
-20.0,1026,279.409176
-21.0,839,279.815306
-21.0,928,281.386651
-21.0,973,282.735037
-20.0,898,284.457371
-21.0,825,286.615718
-18.0,1059,292.154644
-19.0,1131,292.342187
-20.0,867,292.491925
-17.0,1134,293.870023
-19.0,1216,295.458581
-19.0,1029,295.799051
-21.0,913,296.015346
-18.0,1189,301.997026
-21.0,826,302.792306
-19.0,937,304.108959
-21.0,1065,305.551305
-20.0,960,305.853659
-21.0,916,307.023473
-19.0,995,308.514445
-18.0,1034,309.106587
-21.0,914,313.638091
-20.0,915,314.865642
-20.0,1083,318.16023
-20.0,1088,319.267403
-20.0,991,319.807943
-20.0,932,320.918921
-18.0,1360,323.407415
-18.0,1304,325.123658
-21.0,914,325.235531
-20.0,917,326.468438
-21.0,853,328.773357
-21.0,887,330.741621
-20.0,951,331.680643
-20.0,838,331.866311
-20.0,838,336.061284
-21.0,1005,336.243972
-20.0,887,336.442719
-19.0,933,338.245316
-21.0,931,340.974124
-21.0,989,344.319614
-20.0,1186,346.168373
-20.0,842,346.610096
-19.0,1179,346.759908
-20.0,842,346.989765
-21.0,1009,349.238392
-21.0,855,349.353704
-20.0,960,353.184942
-21.0,825,354.896018
-21.0,823,357.566951
-21.0,875,357.641818
-20.0,838,357.870161
-21.0,821,357.935202
-20.0,842,360.068328
-20.0,903,360.984691
-21.0,824,363.654658
-20.0,843,366.059485
-21.0,826,368.336996
-21.0,811,368.482086
-21.0,825,368.572195
-20.0,870,371.667096
-18.0,1167,372.896686
-21.0,946,373.327235
-19.0,984,376.835027
-21.0,794,378.883181
-19.0,1048,379.812555
-21.0,889,380.020254
-21.0,844,382.841666
-19.0,1010,386.064698
-18.0,1062,386.994676
-15.0,1432,387.058603
-20.0,931,388.795922
-21.0,822,390.266656
-21.0,933,391.247029
-21.0,1009,393.088416
-19.0,976,395.175751
-21.0,795,396.25039
-21.0,794,397.581321
-21.0,823,397.931488
-20.0,921,401.001027
-21.0,825,401.130816
-21.0,1025,404.428017
-21.0,825,406.012552
-20.0,1021,406.243171
-21.0,973,408.510478
-19.0,983,409.942775
-21.0,887,412.372791
-20.0,1066,414.588856
-18.0,1380,415.636054
-20.0,963,416.476943
-21.0,827,416.568331
-21.0,947,417.895296
-20.0,879,419.72952
-20.0,922,423.998672
-19.0,1149,424.523081
-19.0,994,427.335624
-19.0,937,427.446874
-21.0,965,428.979527
-20.0,922,429.595623
-19.0,1102,430.803602
-21.0,1005,432.619375
-21.0,913,436.134259
-21.0,946,439.273279
-21.0,945,439.393419
-19.0,1223,439.428484
-20.0,843,439.539168
-19.0,945,442.703518
-21.0,827,443.402412
-19.0,1073,443.549355
-20.0,945,448.412988
-21.0,825,450.204277
-21.0,915,450.833262
-21.0,941,451.576273
-21.0,1071,453.232145
-21.0,826,453.792654
-21.0,843,453.81896
-18.0,1263,458.719354
-21.0,825,460.455251
-18.0,1044,461.57658
-20.0,843,461.687311
-21.0,913,463.100411
-21.0,855,464.795958
-20.0,947,465.094925
-21.0,1090,467.834456
-20.0,951,471.06755
-20.0,1070,474.355529
-21.0,992,474.41904
-19.0,955,475.074265
-21.0,825,475.137656
-20.0,1099,475.342022
-21.0,825,475.442204
-21.0,1005,480.240844
-21.0,783,480.954401
-21.0,783,484.167701
-21.0,854,484.787934
-21.0,793,484.982581
-20.0,838,486.117015
-20.0,966,487.407206
-19.0,968,487.687926
-20.0,945,492.413384
-19.0,1071,494.238292
-20.0,903,495.559201
-21.0,783,495.956514
-21.0,994,497.392442
-21.0,825,497.844123
-19.0,1055,498.504205
-20.0,987,499.458677
-20.0,954,506.382254
-20.0,1120,506.474345
-21.0,885,506.649506
-21.0,887,507.062285
-20.0,898,508.68914
-21.0,853,508.715505
-21.0,811,510.003352
-20.0,1020,511.460375
-21.0,812,516.618407
-20.0,898,518.10674
-20.0,871,518.264422
-21.0,783,518.641176
-20.0,983,518.777043
-20.0,885,520.050586
-20.0,843,520.519464
-21.0,888,522.804234
-21.0,793,526.641481
-21.0,793,528.140202
-21.0,843,528.776659
-21.0,827,529.524003
-21.0,853,529.652626
-20.0,1038,533.132145
-20.0,990,533.148929
-19.0,939,534.548294
-20.0,889,537.893616
-21.0,811,539.615901
-21.0,946,541.434204
-19.0,1236,543.91156
-21.0,882,544.381123
-17.0,1311,545.653203
-21.0,871,545.679344
-20.0,1054,546.429544
-21.0,765,547.616213
-21.0,947,551.459277
-21.0,783,553.729769
-21.0,765,555.31024
-19.0,1145,555.890816
-20.0,1007,557.116367
-18.0,1191,560.56866
-19.0,1043,560.726945
-21.0,1173,561.630938
-21.0,885,562.704248
-21.0,953,565.672551
-21.0,913,566.892954
-21.0,905,567.402329
-21.0,825,571.478082
-20.0,843,571.503586
-21.0,853,572.19645
-18.0,1315,573.77929
-21.0,945,574.982823
-21.0,783,577.336525
-19.0,998,579.701557
-19.0,1101,579.877856
-20.0,889,582.800408
-19.0,1073,584.961912
-20.0,1053,587.030963
-21.0,825,587.99833
-19.0,1251,588.171342
-20.0,1189,589.973372
-20.0,900,591.283708
-20.0,930,591.4039
-20.0,1040,595.92436
-20.0,979,597.504335
-20.0,921,599.021965
-20.0,919,599.567653
-21.0,1004,600.931487
-20.0,903,602.648769
-20.0,1087,603.912224
-18.0,1124,605.684181
-20.0,1000,608.277321
-19.0,1120,612.96751
-18.0,1243,613.02427
-21.0,845,613.173787
-20.0,1033,614.068008
-18.0,1182,614.517285
-20.0,1013,616.434005
-18.0,1061,619.09593
-21.0,1111,622.533746
-19.0,1023,626.201998
-20.0,956,626.922582
-20.0,1071,626.948226
-20.0,1046,627.342522
-21.0,857,627.510086
-17.0,1278,629.365098
-19.0,945,634.945892
-19.0,1415,637.225749
-21.0,825,638.365679
-19.0,968,639.986509
-19.0,1103,640.566623
-20.0,1121,641.050792
-18.0,1199,642.173026
-20.0,1141,643.947948
-20.0,921,648.765203
-20.0,1288,651.230558
-19.0,1154,652.874469
-19.0,1041,653.003886
-21.0,948,653.903056
-20.0,1082,654.373938
-19.0,1059,654.642757
-21.0,961,656.210341
-20.0,928,664.573336
-18.0,1259,664.673447
-17.0,1234,666.490335
-19.0,1252,668.308095
-20.0,1165,668.976067
-21.0,1176,669.364678
-19.0,1292,670.530667
-17.0,1304,672.561998
-20.0,1011,677.43202
-20.0,1022,679.372305
-20.0,1050,681.859858
-17.0,1449,682.691706
-19.0,1079,682.772872
-20.0,1088,684.024154
-18.0,1178,687.285696
-19.0,1480,687.397248
-21.0,913,690.82639
-19.0,1317,693.899801
-20.0,1231,697.094501
-20.0,870,698.309574
-19.0,1253,698.619177
-20.0,1257,699.918313
-17.0,1365,700.019399
-18.0,1159,701.967431
-21.0,967,703.171975
-18.0,1359,711.144041
-18.0,1127,711.358023
-20.0,1074,712.382507
-19.0,1156,714.45296
-18.0,1374,715.737121
-18.0,1255,715.906281
-20.0,1176,717.925009
-18.0,1268,717.997951
-18.0,1125,730.23824
-20.0,1260,730.491536
-17.0,1546,730.715161
-18.0,1526,730.741072
-20.0,1413,733.635721
-16.0,1794,735.114198
-19.0,1387,735.637572
-16.0,1484,736.912994
-18.0,1372,747.233123
-20.0,1371,748.097741
-18.0,1459,748.722573
-19.0,1434,748.722815
-20.0,1331,750.233064
-19.0,1343,751.837552
-20.0,1499,755.556071
-17.0,1774,758.123322
-20.0,1619,768.311115
-19.0,1804,770.112972
-19.0,1744,771.020664
-19.0,1663,771.367294
-19.0,1546,771.448952
-18.0,1886,772.775474
-20.0,1621,776.190936
-17.0,1785,780.680295
-19.0,1406,787.764314
-16.0,1701,790.074369
-18.0,1684,792.462407
-18.0,1797,793.606153
-18.0,1698,794.01929
-21.0,1837,794.411908
-17.0,1847,799.724185
-19.0,1635,801.417458
-20.0,1795,810.461046
-18.0,1897,813.701596
-19.0,1718,815.118016
-17.0,1714,816.272271
-17.0,1964,819.03242
-12.0,2221,820.731114
-18.0,1852,822.804528
-15.0,1867,824.646737
-19.0,1724,832.283023
-19.0,1620,835.550823
-15.0,1803,836.670419
-15.0,1862,839.390528
-15.0,2145,845.61764
-15.0,2036,845.887162
-17.0,2082,848.794346
-15.0,2173,851.886589
-18.0,1917,856.325101
-17.0,2047,861.255181
-11.0,2221,864.419653
-19.0,1777,868.23932
-13.0,2303,868.30307
-15.0,1992,870.811921
-12.0,2208,876.402799
-15.0,2006,877.191073
-17.0,2023,889.831084
-10.0,2282,889.922689
-8.0,2808,891.585532
-13.0,2183,895.629748
-12.0,2196,898.26463
-12.0,2428,898.69571
-18.0,1760,899.378554
-17.0,1864,900.010108
-13.0,2038,916.282645
-15.0,2405,920.821644
-14.0,1961,921.666734
-14.0,2605,925.461631
-15.0,1993,925.479704
-13.0,2182,927.039467
-12.0,2303,930.372617
-12.0,2419,930.640007
-16.0,2156,943.888863
-11.0,2067,948.046237
-11.0,2260,949.86456
-9.0,2361,955.619821
-9.0,2380,955.795627
-9.0,2488,958.331586
-11.0,2432,961.033024
-13.0,2605,963.694553
-13.0,2258,972.370115
-9.0,2539,980.004579
-15.0,1990,980.604313
-10.0,2466,980.742916
-13.0,2480,986.705394
-13.0,2372,988.403937
-13.0,2251,989.583778
-13.0,2265,992.005337
-15.0,2035,998.283904
-15.0,2014,1012.545317
-13.0,2598,1013.027279
-8.0,2532,1013.129145
-6.0,3092,1019.969285
-11.0,2547,1020.968729
-10.0,2816,1025.486601
-12.0,2747,1027.251423
-10.0,3332,1040.715352
-12.0,2579,1045.296634
-5.0,2846,1049.350871
-11.0,3173,1053.627252
-4.0,2922,1058.419135
-7.0,2898,1062.312387
-3.0,3363,1063.225065
-6.0,3249,1068.602229
-13.0,2717,1075.268028
-8.0,3049,1084.371052
-11.0,3268,1091.132525
-8.0,3146,1093.370385
-12.0,3022,1100.7164
-6.0,3534,1102.877017
-7.0,3513,1107.444074
-6.0,3368,1111.023254
-8.0,3202,1115.689423
-6.0,3197,1124.54743
-8.0,3327,1132.931217
-9.0,3201,1133.588641
-10.0,3280,1142.082233
-5.0,3301,1149.018837
-4.0,3852,1151.235569
-5.0,3386,1153.789919
-7.0,3306,1157.272044
-4.0,3805,1172.087261
-10.0,3160,1173.449075
-7.0,3718,1179.73137
-11.0,3054,1180.228463
-13.0,3075,1193.15501
-7.0,3456,1193.171828
-10.0,3631,1197.849375
-7.0,3344,1200.034061
-10.0,3250,1215.342947
-8.0,3486,1217.034596
-11.0,3531,1225.511647
-7.0,3879,1229.13697
-10.0,3076,1231.97626
2.0,4009,1243.552151
-3.0,3965,1247.804642
-2.0,4027,1250.946237
2.0,3974,1266.859577
-12.0,2844,1267.518332
1.0,4200,1267.722557
2.0,3540,1270.066086
7.0,3490,1273.171326
-1.0,3883,1292.461398
-3.0,3821,1295.85149
1.0,3848,1299.354071
-10.0,3068,1305.531573
7.0,3426,1310.980448
-5.0,3373,1312.414558
-5.0,3863,1316.100607
2.0,3674,1319.169854
5.0,3532,1336.709847
7.0,3273,1336.754474
-10.0,3017,1343.137498
3.0,3952,1348.931365
1.0,3800,1358.816736
-2.0,3771,1359.57831
1.0,3620,1361.844373
-1.0,4040,1370.066703
-5.0,3312,1378.407119
10.0,2812,1378.499054
2.0,3444,1380.02784
3.0,3458,1392.361326
8.0,3152,1398.041287
2.0,3423,1402.526454
-6.0,3318,1403.400545
2.0,3461,1413.338346
-11.0,2824,1413.796409
3.0,3524,1424.616259
-1.0,3685,1424.931663
1.0,3802,1439.98027
1.0,3654,1444.294188
-5.0,3332,1445.443371
3.0,3546,1447.381488
1.0,3642,1459.099823
-2.0,3757,1461.459728
1.0,3665,1470.271531
-1.0,3943,1474.380366
-1.0,3467,1487.801794
1.0,3826,1488.077381
2.0,3502,1491.309005
4.0,3707,1492.117336
-1.0,3981,1509.450287
-1.0,3853,1510.190554
5.0,3200,1510.907207
4.0,3703,1521.65185
2.0,3513,1533.413694
1.0,3820,1536.889528
1.0,3680,1538.622112
1.0,3706,1539.688841
-5.0,3267,1553.194185
6.0,3444,1554.602257
-2.0,3553,1555.325752
-3.0,3514,1566.868247
10.0,2782,1573.009466
6.0,3176,1574.566808
1.0,3707,1586.791732
2.0,3778,1588.573521
-9.0,3080,1594.803082
9.0,3319,1596.557274
5.0,3348,1599.014369
2.0,3508,1612.493804
6.0,3272,1615.557602
-7.0,3336,1618.098902
4.0,3444,1633.217082
2.0,3680,1634.550324
-7.0,3110,1636.537317
7.0,3593,1641.075471
-3.0,4008,1650.700835
-12.0,3040,1656.453871
-5.0,3725,1660.43403
-5.0,3712,1662.804982
13.0,2524,1666.263307
9.0,3426,1680.135947
-1.0,3798,1681.683326
2.0,3998,1691.712963
6.0,3284,1692.123608
1.0,3279,1704.570489
-4.0,3689,1707.033524
1.0,4006,1707.747379
6.0,3402,1709.789776
-13.0,2679,1715.661108
8.0,3608,1725.868964
5.0,3417,1735.611361
7.0,3961,1742.004705
9.0,3327,1746.773353
9.0,3312,1751.780866
7.0,3532,1751.928967
3.0,3897,1756.908038
-10.0,3368,1758.246529
6.0,3251,1766.924759
12.0,2916,1783.945845
9.0,3307,1784.113525
5.0,4056,1787.319901
5.0,3441,1795.448319
2.0,3629,1797.758479
6.0,3530,1801.855989
4.0,3992,1808.684133
2.0,3894,1816.430096
10.0,3401,1826.769301
6.0,3448,1827.468113
5.0,3721,1834.229185
6.0,3646,1841.308639
4.0,3555,1842.772838
-1.0,3753,1849.066073
5.0,3823,1856.974486
10.0,3309,1858.24366
12.0,2698,1861.436299
11.0,2782,1876.254677
5.0,3699,1880.662019
-1.0,4723,1886.181645
6.0,3815,1890.65922
4.0,3926,1898.458107
9.0,3294,1899.321468
7.0,3645,1902.623694
9.0,3304,1902.67732
9.0,3539,1921.255242
12.0,3310,1922.318291
9.0,3811,1934.62529
13.0,2844,1935.767138
4.0,3843,1939.486343
9.0,3488,1942.685073
-5.0,3643,1949.071903
3.0,3768,1950.738433
10.0,3642,1967.161812
5.0,3890,1971.942343
6.0,3517,1980.190793
11.0,3290,1984.522298
4.0,3926,1984.557787
5.0,3678,1986.208556
3.0,3480,1993.085595
-4.0,3485,1994.762669
3.0,3794,2015.41785
-2.0,4288,2025.904523
9.0,3865,2028.997753
8.0,3655,2030.533845
2.0,3990,2034.929471
3.0,4210,2039.515871
-2.0,3667,2041.337631
-3.0,4165,2046.009274
4.0,3995,2065.769426
7.0,3893,2075.424785
9.0,3815,2077.430887
7.0,3754,2077.975919
7.0,4143,2087.279895
12.0,3751,2088.735587
11.0,3637,2091.932182
-4.0,4415,2095.234795
12.0,3193,2106.317397
9.0,3564,2123.106795
12.0,3035,2125.782775
4.0,3898,2126.54483
-8.0,3025,2127.154858
2.0,4776,2135.798128
6.0,3619,2137.623146
11.0,3418,2138.642247
6.0,3842,2154.968071
8.0,3197,2166.227724
3.0,3608,2169.063715
9.0,3464,2170.941082
9.0,3676,2173.1478
6.0,3409,2180.832469
5.0,3741,2182.98364
8.0,3658,2184.597087
8.0,3281,2196.608273
11.0,3761,2213.894322
9.0,3615,2214.927622
7.0,3655,2217.157976
11.0,3488,2217.391776
11.0,3423,2224.36189
4.0,3542,2229.62665
11.0,3742,2230.702161
15.0,3225,2237.286463
14.0,3462,2258.618727
13.0,3634,2260.021853
10.0,3437,2260.632373
11.0,3536,2262.189553
10.0,3392,2267.016867
14.0,3270,2271.139872
14.0,3620,2276.329211
12.0,3442,2280.892864
16.0,3435,2302.231054
17.0,3509,2304.333367
15.0,3493,2304.793608
16.0,3421,2305.687485
14.0,3453,2310.913675
15.0,3170,2311.175392
15.0,3463,2320.436871
16.0,3513,2325.441804
16.0,3409,2345.169477
18.0,3335,2347.036937
14.0,3519,2350.093077
18.0,3215,2351.601689
10.0,3766,2351.909972
13.0,3785,2359.295348
13.0,3451,2364.098375
17.0,3493,2369.518348
16.0,3181,2385.419882
19.0,3046,2385.596313
14.0,3308,2391.916038
17.0,3240,2393.082233
12.0,3317,2393.514972
17.0,3077,2402.995532
16.0,3650,2405.211264
14.0,3014,2407.815867
16.0,2917,2422.616745
19.0,2686,2425.939977
16.0,3295,2427.254907
19.0,2712,2427.797466
19.0,2783,2428.458233
20.0,2760,2440.355978
14.0,3164,2443.163797
18.0,3201,2448.328059
18.0,2723,2456.945329
17.0,2911,2462.890783
17.0,2736,2462.916653
17.0,2907,2464.696435
15.0,3300,2469.104722
18.0,2586,2475.733496
18.0,3177,2480.69857
20.0,2699,2482.537368
16.0,3137,2496.983584
15.0,2785,2500.187085
12.0,3004,2500.871658
3.0,3315,2505.048587
14.0,2933,2506.398718
20.0,2674,2509.825135
18.0,2700,2514.84589
17.0,2705,2516.743303
20.0,2625,2533.205891
13.0,3184,2537.338352
9.0,3066,2539.673914
15.0,2906,2542.865161
18.0,2692,2543.840376
13.0,3109,2544.261605
17.0,2821,2550.510783
14.0,2751,2551.740113
17.0,2767,2568.371659
16.0,2876,2573.545346
18.0,2618,2576.211637
18.0,2656,2577.964617
18.0,2822,2579.590968
10.0,3229,2581.003879
15.0,2989,2589.815483
16.0,3146,2590.524128
16.0,2839,2604.660222
20.0,2614,2609.577275
15.0,2866,2610.502007
19.0,2686,2615.367196
13.0,3048,2617.248678
13.0,2952,2617.526409
18.0,2722,2624.467539
18.0,2723,2625.538349
14.0,2760,2640.053475
21.0,2577,2642.411131
20.0,2560,2647.929508
18.0,2945,2648.021362
19.0,2644,2651.144346
17.0,2915,2653.847851
21.0,2560,2657.863586
19.0,2697,2658.491011
17.0,2725,2676.936535
20.0,2779,2682.546422
21.0,2577,2683.4481
9.0,3484,2683.736409
15.0,2911,2684.287033
20.0,2675,2687.501121
21.0,2577,2690.871894
19.0,2687,2691.702312
21.0,2577,2709.701324
20.0,2612,2718.055331
17.0,2833,2718.837189
16.0,2842,2719.853567
20.0,2651,2721.743953
15.0,3056,2723.033706
19.0,2676,2725.459187
20.0,2651,2725.678961
19.0,2727,2744.451095
17.0,2737,2752.699271
20.0,2734,2756.276292
16.0,2894,2756.358703
15.0,3040,2757.567281
18.0,2747,2757.697602
21.0,2577,2757.996768
17.0,2989,2763.716348
19.0,2820,2780.240237
18.0,2771,2787.934238
21.0,2577,2789.35363
19.0,2663,2790.097601
21.0,2577,2790.282738
17.0,2774,2792.811217
16.0,2853,2794.379444
19.0,3019,2801.615834
21.0,2577,2812.516643
20.0,2658,2821.401012
19.0,2654,2822.352452
21.0,2577,2822.369228
21.0,2577,2822.553762
20.0,2651,2825.771585
21.0,2577,2826.641907
19.0,2694,2835.436787
20.0,2651,2845.998096
19.0,2669,2854.647437
21.0,2577,2854.750002
21.0,2577,2855.340086
20.0,2651,2855.863117
20.0,2651,2860.196907
18.0,2784,2860.998003
21.0,2577,2868.272146
20.0,2613,2878.848825
21.0,2576,2887.589224
21.0,2577,2887.888303
19.0,2615,2888.080213
21.0,2577,2888.416848
21.0,2577,2892.723246
21.0,2577,2893.521085
21.0,2560,2900.779836
18.0,2675,2912.828319
21.0,2577,2920.915141
21.0,2577,2921.252088
18.0,2712,2922.422009
18.0,2803,2923.002741
21.0,2560,2925.404988
20.0,2581,2933.570422
14.0,3334,2935.989263
18.0,2672,2946.76968
18.0,2688,2955.03059
19.0,2734,2955.141384
21.0,2577,2955.729029
17.0,2808,2957.725547
19.0,2742,2959.664029
14.0,2886,2969.501823
15.0,3116,2975.346921
21.0,2577,2979.089768
20.0,2614,2988.397088
19.0,2690,2988.825218
19.0,2566,2989.959927
21.0,2620,2992.795749
16.0,3116,2994.542738
15.0,2948,3006.468908
20.0,2673,3012.630541
13.0,3150,3014.576033
20.0,2612,3020.964204
21.0,2577,3022.178056
16.0,2819,3024.118029
19.0,2647,3027.405131
16.0,2868,3028.556895
17.0,2740,3041.054916
18.0,2640,3047.77288
14.0,2908,3049.149892
19.0,2680,3055.770752
21.0,2577,3056.366586
21.0,2577,3060.180922
10.0,3364,3063.518941
17.0,2897,3065.117262
21.0,2577,3073.381503
18.0,2675,3082.842513
20.0,2788,3082.942996
17.0,2725,3090.021026
17.0,2839,3092.480049
19.0,2669,3093.376043
16.0,2658,3096.630462
20.0,2787,3099.877458
8.0,3214,3113.750652
21.0,2577,3115.186357
17.0,2912,3119.615019
15.0,2815,3125.291865
21.0,2577,3126.003193
19.0,2698,3126.253553
20.0,2651,3129.96322
21.0,2577,3132.478073
21.0,2577,3147.343023
19.0,2608,3152.056141
10.0,3380,3155.831073
21.0,2577,3158.198498
19.0,2752,3160.614297
15.0,3211,3165.594699
20.0,2672,3165.695312
15.0,3049,3168.300732
20.0,2655,3180.791986
19.0,2663,3185.576535
17.0,2603,3188.775948
21.0,2576,3192.735303
18.0,2831,3193.638598
21.0,2577,3197.68646
19.0,2694,3199.271023
19.0,2662,3201.587086
18.0,2705,3214.524537
17.0,2776,3219.998271
17.0,2800,3223.811967
18.0,2559,3224.717729
17.0,2804,3228.706736
18.0,2712,3231.912689
21.0,2635,3232.391987
19.0,2728,3235.58322
19.0,2627,3247.135946
19.0,2762,3254.64844
19.0,2735,3259.124174
21.0,2577,3260.861873
17.0,3107,3262.532512
19.0,2727,3265.853695
20.0,2753,3266.969683
19.0,2592,3267.858919
20.0,2862,3283.332387
18.0,2764,3289.579933
19.0,2704,3294.972471
21.0,2678,3296.453716
18.0,2993,3296.841377
21.0,2576,3299.664145
21.0,2695,3300.09004
21.0,2576,3300.593482
21.0,2577,3316.448931
20.0,2506,3321.729543
19.0,2747,3330.196955
19.0,2687,3331.07332
15.0,2676,3331.346969
19.0,2554,3332.544597
21.0,2576,3333.172269
19.0,2670,3335.022371
19.0,2687,3350.964795
21.0,2577,3354.777751
21.0,2577,3364.230175
21.0,2576,3364.528935
17.0,2816,3366.705651
19.0,2732,3367.873772
19.0,2677,3367.97678
21.0,2577,3368.414901
21.0,2577,3384.345266
21.0,2577,3388.218282
21.0,2679,3399.259148
20.0,2673,3399.474026
19.0,2647,3401.258862
19.0,2631,3402.202894
19.0,2654,3402.536262
20.0,2611,3402.563216
18.0,2716,3419.300218
18.0,2741,3423.641483
17.0,2702,3433.739874
15.0,2757,3434.109582
21.0,2577,3434.872385
19.0,2669,3435.181125
20.0,2716,3436.919067
18.0,2738,3437.114052
21.0,2577,3451.836859
21.0,2577,3456.194393
21.0,2577,3466.178818
21.0,2577,3466.913277
20.0,2608,3467.869081
18.0,2766,3469.471189
20.0,2608,3470.22522
17.0,2872,3472.931564
20.0,2651,3485.42425
19.0,2648,3489.853293
20.0,2651,3499.940814
17.0,2790,3502.002728
18.0,2601,3503.131151
16.0,2871,3504.575668
18.0,2844,3505.941401
19.0,2703,3507.686272
20.0,2613,3518.441498
21.0,2576,3522.364178
21.0,2496,3531.336951
19.0,2513,3533.96925
21.0,2577,3537.183677
21.0,2496,3537.364897
20.0,2776,3538.490452
18.0,2584,3540.381768
20.0,2651,3552.269855
21.0,2576,3555.167142
20.0,2642,3565.144037
21.0,2577,3566.742249
20.0,2651,3571.016531
17.0,2720,3571.842747
20.0,2714,3572.882234
20.0,2569,3572.974328
20.0,2679,3586.214599
19.0,2691,3589.229419
19.0,2586,3599.474001
18.0,2718,3599.547171
18.0,2707,3605.273449
17.0,2576,3605.499832
17.0,2789,3607.309712
17.0,2793,3608.490505
20.0,2700,3620.491832
18.0,2728,3623.749098
21.0,2518,3631.580319
17.0,2800,3635.134513
21.0,2576,3637.961571
21.0,2576,3638.190415
19.0,2654,3641.121037
21.0,2576,3641.147695
20.0,2618,3653.858928
20.0,2674,3657.620438
21.0,2577,3664.121698
21.0,2576,3667.639137
20.0,2667,3671.686253
19.0,2678,3672.01423
20.0,2608,3673.880833
20.0,2614,3673.96328
21.0,2577,3686.597001
17.0,2865,3694.492343
20.0,2576,3697.196617
21.0,2577,3700.944909
21.0,2577,3705.397333
21.0,2577,3705.728316
20.0,2580,3707.801422
20.0,2621,3708.536329
21.0,2576,3720.549463
21.0,2577,3728.311048
21.0,2576,3730.782312
21.0,2577,3734.722342
20.0,2608,3738.996946
20.0,2666,3739.631856
20.0,2608,3741.367295
21.0,2577,3741.393579
20.0,2673,3754.226897
18.0,2758,3762.789178
18.0,2790,3765.946359
21.0,2577,3767.103405
20.0,2552,3771.795579
21.0,2577,3771.812976
21.0,2577,3773.799054
20.0,2612,3774.115575
20.0,2702,3788.225352
17.0,2811,3798.136853
20.0,2673,3799.596924
19.0,2775,3801.679092
19.0,2656,3804.783609
20.0,2674,3804.968818
19.0,2730,3807.865149
20.0,2717,3808.060086
21.0,2577,3820.502923
20.0,2619,3832.286103
17.0,2744,3832.824452
19.0,2708,3836.03221
21.0,2577,3837.134006
19.0,2599,3837.946719
21.0,2577,3840.277
20.0,2614,3841.229948
18.0,2708,3854.581065
20.0,2651,3865.882059
20.0,2651,3866.020661
21.0,2577,3868.461723
21.0,2577,3870.361665
20.0,2651,3870.679764
21.0,2577,3872.688266
20.0,2656,3874.793913
20.0,2552,3886.980694
18.0,2541,3898.399672
19.0,2712,3900.307156
19.0,2551,3902.923683
19.0,2714,3902.996578
19.0,2606,3904.180264
21.0,2577,3905.903506
21.0,2577,3907.611439
20.0,2733,3921.727466
21.0,2576,3931.702699
18.0,2754,3936.116864
20.0,2552,3936.842263
19.0,2685,3937.617745
20.0,2613,3939.522579
19.0,2862,3939.802729
18.0,2784,3943.248899
21.0,2577,3955.088153
19.0,2687,3965.491645
21.0,2577,3968.41968
19.0,2587,3969.636647
21.0,2577,3969.975089
19.0,2587,3971.948485
21.0,2577,3972.136352
17.0,2676,3976.889662
20.0,2651,3988.101182
20.0,2655,3998.983155
20.0,2552,4000.541494
21.0,2577,4002.314373
21.0,2679,4003.343944
21.0,2577,4004.272893
21.0,2577,4004.857915
19.0,2689,4010.674966
21.0,2577,4020.415342
21.0,2577,4031.253252
21.0,2577,4032.801636
21.0,2561,4034.417528
20.0,2672,4036.499131
21.0,2577,4037.114475
20.0,2673,4037.857193
19.0,2734,4045.254923
20.0,2673,4054.065111
21.0,2577,4063.637642
20.0,2651,4066.282715
19.0,2601,4067.045574
21.0,2577,4069.345658
21.0,2577,4069.561319
21.0,2577,4070.298221
20.0,2673,4079.039212
21.0,2577,4086.600111
21.0,2577,4096.27002
21.0,2577,4098.951244
21.0,2577,4100.102629
21.0,2620,4102.378016
21.0,2577,4103.314411
21.0,2679,4103.556332
21.0,2577,4111.656371
21.0,2577,4119.773118
20.0,2718,4131.263363
21.0,2577,4131.786841
21.0,2577,4132.940246
21.0,2577,4136.151638
21.0,2577,4136.397266
20.0,2820,4138.340048
21.0,2577,4144.453687
21.0,2577,4152.379027
21.0,2578,4163.788517
21.0,2577,4164.306381
21.0,2577,4165.468911
21.0,2577,4168.716963
21.0,2577,4168.964088
21.0,2577,4170.920909
21.0,2577,4177.040686
18.0,3036,4190.622023
21.0,2577,4196.964523
19.0,2649,4197.142548
21.0,2577,4198.142672
18.0,2667,4202.868716
19.0,2729,4203.227191
18.0,2878,4207.658505
20.0,2673,4211.074809
21.0,2576,4223.710148
21.0,2577,4229.761191
21.0,2577,4230.346681
20.0,2651,4232.042346
21.0,2577,4235.660893
21.0,2577,4236.029324
21.0,2577,4240.461536
10.0,3245,4252.238756
21.0,2577,4256.473648
19.0,2687,4263.866967
21.0,2577,4264.682974
17.0,2730,4264.858948
21.0,2577,4268.291551
21.0,2577,4268.648688
21.0,2577,4273.071033
21.0,2577,4284.871579
21.0,2577,4289.166769
21.0,2577,4297.030243
21.0,2577,4297.450303
21.0,2577,4297.63136
21.0,2577,4301.112577
21.0,2577,4301.884356
17.0,2756,4308.419824
21.0,2577,4317.723347
20.0,2675,4323.326848
21.0,2577,4329.859458
21.0,2577,4330.270797
21.0,2577,4330.45069
21.0,2577,4333.872523
21.0,2577,4334.638718
19.0,2730,4343.054313
16.0,2692,4352.395773
21.0,2577,4356.197624
20.0,2570,4362.623629
21.0,2577,4363.100949
21.0,2577,4363.277096
21.0,2577,4366.7141
21.0,2577,4367.408667
21.0,2577,4375.94794
21.0,2577,4385.28498
20.0,2580,4389.023681
21.0,2577,4395.344938
19.0,2587,4396.506639
18.0,2778,4398.567561
21.0,2577,4399.872588
20.0,2661,4401.428419
20.0,2651,4409.705621
20.0,2619,4418.311404
21.0,2577,4421.555174
19.0,2632,4428.411867
21.0,2577,4429.055997
21.0,2577,4431.102613
21.0,2577,4432.317414
19.0,2704,4435.393437
20.0,2651,4442.760712
21.0,2577,4453.939659
15.0,2936,4455.264589
21.0,2577,4461.232599
21.0,2577,4461.457118
20.0,2612,4465.093935
17.0,2929,4468.02062
18.0,2763,4470.101265
19.0,2752,4477.760917
19.0,2650,4487.689935
21.0,2622,4488.753083
21.0,2577,4494.017892
21.0,2577,4494.241612
21.0,2577,4498.173488
21.0,2577,4501.188962
21.0,2577,4503.302183
21.0,2577,4511.161527
20.0,2669,4522.438779
18.0,2729,4524.215838
20.0,2656,4528.751781
20.0,2732,4529.688572
21.0,2577,4534.394575
18.0,2823,4534.611917
19.0,2753,4538.911761
20.0,2920,4548.515574
21.0,2577,4555.109549
21.0,2577,4556.733056
21.0,2623,4561.583722
19.0,2650,4563.168065
20.0,2639,4567.874361
20.0,2713,4568.369468
21.0,2577,4571.274068
19.0,2684,4582.371611
18.0,2694,4589.029178
21.0,2577,4589.153335
21.0,2577,4594.052759
16.0,2752,4597.78195
21.0,2577,4600.53188
20.0,2673,4602.339866
18.0,2741,4605.822648
21.0,2577,4614.908139
20.0,2552,4621.386736
20.0,2608,4622.033746
19.0,2752,4629.062941
20.0,2651,4631.41491
19.0,2767,4635.649927
19.0,2734,4637.148154
21.0,2577,4638.753315
20.0,2614,4647.746185
21.0,2577,4653.872132
21.0,2577,4654.970987
21.0,2577,4661.569902
21.0,2637,4664.806664
21.0,2577,4668.066063
21.0,2577,4669.561832
21.0,2577,4671.155591
19.0,2632,4681.010051
18.0,2761,4688.663031
17.0,2777,4689.479257
18.0,2791,4696.685797
20.0,2675,4698.478184
21.0,2577,4700.460939
21.0,2577,4702.069406
21.0,2577,4703.795304
21.0,2577,4713.78221
21.0,2577,4721.526397
21.0,2577,4722.32343
21.0,2700,4731.059636
21.0,2577,4731.291527
21.0,2577,4733.288696
21.0,2577,4734.77755
21.0,2577,4736.358769
19.0,2687,4747.841804
21.0,2560,4754.058497
12.0,2896,4759.309283
20.0,2607,4764.369169
19.0,2650,4764.582342
19.0,2670,4767.365426
20.0,2968,4772.556284
15.0,2852,4772.658416
18.0,2790,4783.582071
19.0,2687,4788.370037
13.0,2969,4797.235069
20.0,2716,4799.66094
19.0,2781,4800.074688
19.0,2688,4801.749442
20.0,2612,4806.245754
14.0,2926,4809.966389
21.0,2577,4816.338939
21.0,2577,4821.012485
20.0,2614,4830.461712
21.0,2576,4832.096691
19.0,2594,4832.679816
21.0,2577,4834.197602
19.0,2676,4840.10077
20.0,2552,4842.224411
21.0,2577,4848.90959
20.0,2651,4854.756172
21.0,2577,4863.256402
20.0,2561,4864.733556
21.0,2577,4865.465959
21.0,2577,4866.970932
21.0,2577,4872.7882
18.0,2704,4876.508409
21.0,2577,4881.510102
20.0,2651,4888.004888
21.0,2577,4897.051011
16.0,2729,4897.416553
21.0,2576,4897.781123
19.0,2749,4901.736014
20.0,2616,4905.418672
21.0,2577,4908.749446
19.0,2678,4915.145421
20.0,2610,4921.038976
21.0,2577,4930.532077
18.0,2706,4931.395802
19.0,2859,4932.888158
20.0,2614,4934.443884
21.0,2577,4937.863986
21.0,2577,4941.202103
21.0,2577,4947.546301
19.0,2731,4955.662799
21.0,2577,4963.391555
19.0,2649,4965.329488
21.0,2577,4965.740617
20.0,2552,4970.569868
17.0,2896,4971.67758
20.0,2552,4973.965988
21.0,2577,4980.564668
21.0,2577,4988.298719
21.0,2577,4996.078868
21.0,2577,4998.197828
20.0,2752,5001.088135
21.0,2577,5003.340528
21.0,2577,5004.390683
21.0,2576,5006.689179
18.0,2688,5014.821474
18.0,2664,5022.538007
21.0,2577,5028.915835
21.0,2577,5030.852984
21.0,2576,5033.78244
20.0,2552,5035.823236
20.0,2580,5037.139087
21.0,2576,5039.833509
21.0,2577,5048.137245
21.0,2577,5055.392758
21.0,2577,5061.842919
19.0,2675,5065.098754
20.0,2608,5066.908702
20.0,2613,5069.392828
19.0,2712,5071.629529
20.0,2608,5072.8889
20.0,2608,5080.996324
20.0,2717,5089.933097
20.0,2636,5095.657467
21.0,2577,5098.029233
21.0,2577,5099.877974
21.0,2578,5102.410034
21.0,2560,5104.72621
18.0,2779,5109.036432
21.0,2577,5114.473843
21.0,2637,5124.094491
21.0,2560,5128.682544
21.0,2577,5131.214739
21.0,2679,5134.525712
21.0,2576,5135.670858
19.0,2622,5138.646518
17.0,2850,5145.556108
20.0,2630,5148.502315
19.0,2733,5159.217355
19.0,2751,5164.0545
20.0,2608,5165.222065
19.0,2626,5168.709512
20.0,2552,5168.736253
20.0,2681,5173.488399
21.0,2576,5179.039165
21.0,2577,5182.059812
20.0,2651,5194.190861
20.0,2649,5199.097919
21.0,2636,5199.734579
21.0,2576,5202.669603
21.0,2637,5203.6857
19.0,2810,5210.676298
21.0,2576,5213.092017
20.0,2727,5218.02257
19.0,2755,5230.24924
21.0,2576,5232.398894
21.0,2637,5233.967775
21.0,2695,5237.300246
19.0,2690,5238.208657
21.0,2576,5243.305914
21.0,2577,5245.58801
19.0,2671,5251.6475
20.0,2638,5263.159822
20.0,2611,5265.055362
21.0,2637,5267.272085
21.0,2576,5269.663645
21.0,2576,5270.585902
21.0,2576,5275.599394
21.0,2576,5277.891217
20.0,2618,5284.31008
21.0,2577,5295.519253
21.0,2576,5297.850789
16.0,2740,5301.660004
21.0,2576,5302.090825
19.0,2667,5303.876488
21.0,2577,5308.11027
17.0,2688,5311.887045
21.0,2577,5317.292915
19.0,2763,5330.595984
20.0,2691,5331.812884
19.0,2586,5334.178321
19.0,2649,5335.606646
17.0,2766,5338.895024
21.0,2577,5340.567458
19.0,2751,5346.770209
21.0,2577,5349.696661
20.0,2542,5362.736849
19.0,2579,5364.314116
21.0,2577,5366.714451
19.0,2711,5369.819254
21.0,2577,5371.441885
19.0,2600,5373.328187
19.0,2710,5381.115856
19.0,2588,5382.48101
20.0,2621,5395.748075
18.0,2559,5396.744429
18.0,2661,5400.458745
18.0,2542,5402.104081
19.0,2587,5404.152549
21.0,2577,5406.342103
21.0,2577,5413.483806
21.0,2577,5414.836811
21.0,2577,5429.136062
18.0,2654,5429.319724
19.0,2657,5434.12767
20.0,2673,5435.871822
21.0,2577,5437.015414
20.0,2613,5439.162552
20.0,2552,5447.180093
13.0,2876,5450.093134
20.0,2614,5462.152258
16.0,2913,5466.008425
20.0,2560,5466.35679
20.0,2552,5471.32446
16.0,2853,5471.730351
17.0,2855,5472.890122
18.0,2747,5481.584543
16.0,2902,5486.335253
20.0,2552,5494.390153
17.0,2735,5500.806337
14.0,2840,5501.874866
21.0,2577,5504.307737
20.0,2611,5505.847895
17.0,2828,5507.180483
18.0,2614,5514.978465
20.0,2614,5519.770661
20.0,2595,5527.6026
21.0,2577,5533.367208
20.0,2675,5535.731259
20.0,2651,5537.890875
21.0,2577,5538.271607
19.0,2669,5540.909425
20.0,2651,5548.770976
20.0,2651,5553.626663
20.0,2675,5561.37305
21.0,2578,5566.702965
20.0,2635,5569.246713
21.0,2578,5570.852395
18.0,2630,5572.134754
19.0,2655,5574.982906
19.0,2595,5581.666781
17.0,2874,5590.045593
18.0,2719,5596.225742
20.0,2674,5600.277642
15.0,2638,5602.87548
21.0,2577,5604.737337
16.0,2730,5605.737859
18.0,2736,5609.526317
16.0,2839,5617.633127
16.0,2794,5625.45273
17.0,2825,5631.913587
21.0,2577,5633.211746
21.0,2577,5635.394402
19.0,2656,5638.424395
19.0,2687,5639.729964
21.0,2577,5642.041701
21.0,2577,5650.094345
21.0,2577,5657.831725
21.0,2577,5665.547009
18.0,2811,5667.268044
21.0,2577,5667.726236
21.0,2577,5670.728375
21.0,2577,5672.006064
21.0,2577,5674.300275
20.0,2552,5682.098443
20.0,2614,5690.799076
21.0,2577,5698.093052
21.0,2577,5699.837691
20.0,2669,5701.576813
19.0,2583,5703.374558
21.0,2577,5704.609279
20.0,2614,5707.69087
19.0,2678,5716.17517
21.0,2577,5723.234129
21.0,2577,5730.712028
21.0,2577,5732.443681
21.0,2577,5734.288085
21.0,2509,5736.485473
20.0,2651,5737.422935
21.0,2577,5740.636536
19.0,2587,5749.155042
18.0,2690,5757.635252
21.0,2577,5763.534969
20.0,2552,5765.036
20.0,2712,5768.688427
21.0,2577,5769.403709
20.0,2580,5769.954527
21.0,2577,5773.106808
20.0,2613,5782.36482
18.0,2749,5792.524903
21.0,2577,5795.965962
21.0,2577,5797.47332
21.0,2577,5801.820847
19.0,2746,5803.521277
20.0,2659,5803.547641
21.0,2577,5805.509735
21.0,2577,5815.047028
20.0,2552,5824.841903
20.0,2613,5829.310736
20.0,2614,5830.799926
19.0,2687,5835.804415
20.0,2651,5836.790291
20.0,2672,5837.371655
20.0,2659,5839.185507
20.0,2614,5847.578915
21.0,2577,5857.039797
20.0,2552,5861.29211
20.0,2674,5863.94009
17.0,2651,5868.728592
20.0,2615,5869.783966
20.0,2679,5870.966304
20.0,2552,5871.237966
21.0,2577,5879.864736
21.0,2577,5889.430408
21.0,2577,5893.679397
21.0,2577,5896.720577
21.0,2577,5901.507084
20.0,2576,5902.14354
20.0,2619,5903.997433
20.0,2651,5904.041443
20.0,2613,5913.138363
21.0,2577,5921.884265
20.0,2674,5927.435335
20.0,2552,5928.641425
21.0,2577,5934.100566
21.0,2577,5934.772694
21.0,2577,5936.703321
18.0,2761,5939.285638
20.0,2674,5947.177039
18.0,2770,5957.281604
21.0,2577,5960.270462
21.0,2577,5961.78824
21.0,2577,5966.867613
19.0,2560,5967.349313
21.0,2577,5969.846578
21.0,2577,5971.979408
21.0,2577,5979.977222
21.0,2577,5990.114089
20.0,2614,5993.434274
19.0,2667,5995.449583
20.0,2620,6000.137091
21.0,2577,6002.686318
16.0,2781,6002.967133
21.0,2577,6004.813545
18.0,2766,6014.897292
20.0,2552,6022.62059
20.0,2552,6025.955455
21.0,2577,6028.629181
19.0,2639,6033.960744
21.0,2577,6035.453454
19.0,2628,6036.227365
19.0,2567,6037.509071
21.0,2577,6047.714041
21.0,2577,6055.370245
19.0,2694,6060.135465
20.0,2674,6062.158482
20.0,2651,6069.030995
19.0,2772,6069.047625
21.0,2577,6069.953786
20.0,2718,6070.849105
19.0,2649,6081.164613
21.0,2577,6087.739157
21.0,2577,6092.566834
21.0,2577,6095.037932
21.0,2577,6101.58734
21.0,2577,6102.485435
19.0,2676,6102.521067
21.0,2577,6103.380817
21.0,2577,6113.768833
21.0,2577,6120.335689
21.0,2577,6125.1478
21.0,2577,6127.606725
21.0,2577,6134.126006
21.0,2577,6135.458484
19.0,2633,6135.971321
20.0,2679,6137.308089
21.0,2560,6146.122963
19.0,2647,6153.953844
20.0,2613,6158.519001
19.0,2747,6162.248985
21.0,2577,6166.75578
20.0,2552,6167.869447
21.0,2577,6168.610559
21.0,2577,6169.946914
21.0,2577,6178.677002
21.0,2577,6186.534979
20.0,2653,6192.213637
21.0,2577,6194.815874
21.0,2577,6199.415489
20.0,2552,6201.026544
21.0,2577,6202.604218
19.0,2811,6203.166151
21.0,2577,6212.095417
20.0,2552,6219.523797
21.0,2577,6225.257314
21.0,2577,6227.989341
21.0,2577,6232.868105
21.0,2577,6236.072565
19.0,2740,6236.465745
21.0,2577,6237.058033
21.0,2577,6245.315837
21.0,2577,6252.517581
21.0,2577,6258.388227
21.0,2577,6261.406832
21.0,2577,6265.504495
21.0,2577,6269.460618
21.0,2577,6269.637809
20.0,2674,6270.003781
20.0,2552,6277.683371
20.0,2651,6286.24087
21.0,2577,6291.097226
21.0,2577,6294.076498
21.0,2577,6298.162212
21.0,2577,6302.150949
21.0,2577,6302.328887
21.0,2577,6302.698123
21.0,2560,6310.277018
21.0,2577,6319.375064
21.0,2577,6324.290796
21.0,2577,6327.469251
21.0,2577,6332.135046
21.0,2577,6335.92876
18.0,2615,6336.127919
19.0,2637,6337.304199
21.0,2577,6343.901424
21.0,2577,6352.625655
21.0,2577,6357.387092
21.0,2577,6360.311254
19.0,2587,6364.904687
21.0,2577,6368.562778
20.0,2535,6369.524464
16.0,2997,6374.392462
20.0,2673,6377.786695
21.0,2577,6385.235421
20.0,2552,6389.798571
19.0,2669,6394.334694
16.0,2692,6399.182852
19.0,2595,6401.465936
20.0,2552,6401.999647
21.0,2560,6406.932886
19.0,2697,6412.073781
19.0,2710,6420.00984
20.0,2674,6423.882064
21.0,2637,6427.874275
21.0,2577,6432.240101
21.0,2577,6434.962529
21.0,2577,6435.091868
20.0,2837,6443.377611
18.0,2562,6445.01982
20.0,2560,6452.964751
21.0,2577,6456.942294
19.0,2792,6463.566241
21.0,2577,6464.985882
21.0,2577,6467.689306
20.0,2711,6469.498197
21.0,2577,6476.038177
21.0,2577,6477.687552
21.0,2577,6485.580917
21.0,2577,6489.535261
21.0,2577,6496.247219
21.0,2577,6497.673847
18.0,2622,6500.733151
21.0,2577,6502.106955
19.0,2657,6509.797532
21.0,2577,6510.283383
14.0,2702,6519.815287
20.0,2580,6522.175853
20.0,2651,6529.829301
21.0,2577,6530.146077
20.0,2560,6533.089628
21.0,2577,6534.613383
20.0,2552,6542.092938
19.0,2587,6542.912813
20.0,2552,6552.077729
20.0,2552,6554.467438
21.0,2577,6562.409664
21.0,2577,6563.131191
21.0,2577,6565.677712
21.0,2577,6567.227753
20.0,2552,6574.103591
21.0,2577,6575.589719
19.0,2588,6584.894411
21.0,2577,6587.613477
21.0,2577,6595.25436
21.0,2577,6595.987969
21.0,2577,6598.584592
21.0,2577,6600.148593
21.0,2577,6607.457083
21.0,2577,6608.520502
21.0,2577,6617.810277
20.0,2552,6619.879151
21.0,2577,6628.500069
21.0,2577,6628.817274
20.0,2552,6631.146122
21.0,2577,6632.932573
21.0,2577,6640.14859
20.0,2697,6643.135882
21.0,2577,6650.536721
20.0,2641,6653.774378
21.0,2577,6661.21072
21.0,2577,6661.535615
21.0,2577,6663.843449
20.0,2612,6666.335481
20.0,2651,6673.454074
21.0,2577,6675.729142
21.0,2577,6682.951207
20.0,2560,6685.807045
21.0,2577,6693.448858
21.0,2577,6693.766621
21.0,2577,6696.482151
21.0,2577,6698.564154
21.0,2577,6706.069462
20.0,2636,6708.505838
20.0,2614,6715.917997
21.0,2577,6718.030917
21.0,2577,6725.833005
21.0,2577,6726.155133
20.0,2620,6729.31622
21.0,2577,6731.017924
21.0,2577,6738.641977
20.0,2580,6741.127606
19.0,2586,6748.639076
21.0,2577,6750.734916
20.0,2552,6758.63829
20.0,2679,6759.960553
20.0,2679,6763.418252
21.0,2577,6763.746061
21.0,2577,6771.378625
21.0,2577,6774.256104
20.0,2614,6781.715653
20.0,2560,6783.246642
20.0,2552,6790.995573
19.0,2754,6794.723224
21.0,2577,6796.111412
21.0,2577,6796.441329
20.0,2672,6805.326203
21.0,2577,6806.916784
21.0,2577,6814.870716
20.0,2613,6816.766784
21.0,2577,6823.773479
19.0,2638,6828.391955
21.0,2577,6828.788048
21.0,2577,6829.562532
20.0,2614,6838.61727
19.0,2684,6841.32458
21.0,2577,6847.933639
19.0,2673,6851.24888
21.0,2577,6857.078595
21.0,2577,6862.088142
21.0,2577,6862.817386
20.0,2676,6863.052932
20.0,2576,6871.611667
20.0,2552,6874.015327
21.0,2577,6880.742279
21.0,2577,6883.948032
20.0,2552,6889.515154
21.0,2577,6895.211824
21.0,2577,6895.547769
21.0,2577,6895.784866
21.0,2577,6904.553445
21.0,2577,6906.988214
21.0,2577,6913.783155
21.0,2577,6917.00638
20.0,2777,6925.169245
21.0,2577,6928.13527
21.0,2577,6928.469187
21.0,2577,6928.710988
21.0,2577,6937.780351
19.0,2710,6941.517785
19.0,2587,6946.775919
20.0,2552,6949.676723
21.0,2577,6958.050278
21.0,2577,6961.358223
20.0,2673,6962.933208
20.0,2777,6963.39719
21.0,2577,6970.836905
21.0,2576,6974.61882
21.0,2577,6980.023304
21.0,2577,6983.005697
21.0,2577,6991.681167
21.0,2577,6995.036224
21.0,2577,6996.641984
21.0,2577,6997.528069
21.0,2577,7004.627718
20.0,2552,7008.202446
21.0,2577,7013.884221
21.0,2577,7016.951303
21.0,2577,7025.46812
21.0,2578,7028.764861
21.0,2577,7030.328519
20.0,2672,7032.264379
21.0,2576,7038.170405
21.0,2577,7041.61369
21.0,2577,7047.395773
21.0,2577,7049.840383
21.0,2577,7058.299938
21.0,2577,7061.550938
21.0,2577,7063.02612
21.0,2577,7065.175557
21.0,2577,7070.696352
21.0,2577,7074.13685
21.0,2577,7079.926431
21.0,2577,7082.402996
21.0,2577,7091.248527
21.0,2577,7094.502696
21.0,2577,7096.044933
21.0,2577,7097.794161
21.0,2577,7103.344481
21.0,2577,7106.787483
20.0,2675,7113.930824
21.0,2577,7115.480203
21.0,2577,7123.941371
21.0,2577,7127.224537
21.0,2577,7128.78089
21.0,2577,7130.547759
20.0,2552,7135.881369
21.0,2496,7138.831428
21.0,2577,7146.779497
21.0,2577,7148.314477
21.0,2577,7156.780889
21.0,2414,7159.606278
21.0,2577,7160.025243
21.0,2437,7161.559217
21.0,2496,7167.794434
20.0,2619,7171.864376
21.0,2577,7179.347885
18.0,2681,7182.263886
19.0,2633,7189.763633
21.0,2577,7192.068486
19.0,2663,7193.697458
21.0,2577,7194.023351
19.0,2574,7200.250354
21.0,2577,7204.332465
18.0,2666,7213.039056
20.0,2673,7215.612919
21.0,2577,7222.670373
21.0,2577,7224.595833
21.0,2577,7226.237172
20.0,2675,7227.920657
21.0,2577,7232.847912
21.0,2577,7237.569196
20.0,2551,7245.782843
20.0,2650,7249.711126
21.0,2576,7255.598548
20.0,2613,7257.842668
21.0,2577,7260.804906
20.0,2753,7261.225121
21.0,2577,7265.627053
19.0,2587,7270.2428
21.0,2577,7278.222846
20.0,2671,7283.392256
20.0,2632,7288.45226
21.0,2576,7290.175267
21.0,2577,7293.130261
21.0,2577,7293.550014
20.0,2673,7299.454751
21.0,2577,7303.007027
19.0,2584,7311.314513
21.0,2577,7316.540333
20.0,2552,7321.466536
21.0,2518,7322.870471
21.0,2577,7326.395546
21.0,2577,7327.237638
20.0,2552,7332.417948
17.0,2819,7339.064518
18.0,2625,7344.449274
18.0,2668,7350.546332
19.0,2638,7355.19062
21.0,2577,7355.613496
19.0,2573,7359.144572
19.0,2546,7359.312007
17.0,2639,7365.740397
18.0,2622,7372.250625
21.0,2577,7377.650779
21.0,2577,7383.229545
21.0,2577,7387.82022
21.0,2578,7388.252899
20.0,2552,7391.503128
21.0,2577,7392.308664
21.0,2577,7398.78653
21.0,2577,7405.257955
19.0,2729,7412.154538
19.0,2648,7416.985991
20.0,2580,7420.594502
21.0,2577,7420.99758
21.0,2577,7424.255554
18.0,2580,7425.104328
20.0,2580,7431.68954
20.0,2619,7438.514575
21.0,2577,7445.037282
21.0,2577,7449.798825
21.0,2577,7453.341947
21.0,2577,7454.150245
21.0,2577,7457.371124
21.0,2577,7457.800721
19.0,2594,7464.431639
20.0,2552,7470.932451
21.0,2577,7477.736912
21.0,2577,7482.573761
21.0,2577,7486.165465
20.0,2608,7487.287607
21.0,2577,7490.268729
20.0,2625,7491.158457
21.0,2577,7497.315809
21.0,2577,7503.762078
19.0,2606,7511.104701
20.0,2651,7516.276193
21.0,2577,7518.719405
21.0,2577,7519.820603
21.0,2577,7522.682257
21.0,2577,7523.979855
19.0,2670,7531.052001
20.0,2580,7536.261277
21.0,2577,7543.765041
21.0,2577,7549.257329
21.0,2577,7552.816193
19.0,2697,7553.672481
21.0,2577,7555.849156
21.0,2577,7557.264657
21.0,2577,7564.646471
18.0,2958,7574.638312
15.0,2963,7582.013185
21.0,2577,7582.360554
20.0,2674,7587.363084
19.0,2665,7587.740515
21.0,2577,7589.012104
21.0,2577,7590.317039
21.0,2577,7597.614093
20.0,2717,7609.853655
21.0,2577,7615.412308
20.0,2717,7616.815161
21.0,2577,7620.328552
21.0,2577,7621.091185
20.0,2552,7621.710628
21.0,2635,7623.785144
21.0,2577,7630.274162
20.0,2552,7642.23722
21.0,2577,7648.05469
21.0,2577,7649.498402
21.0,2576,7652.960447
21.0,2577,7653.740947
21.0,2577,7654.36624
21.0,2577,7656.852156
21.0,2577,7663.470444
19.0,2821,7678.080489
20.0,2552,7681.913941
18.0,2729,7683.048105
21.0,2577,7685.778884
21.0,2577,7686.492248
21.0,2576,7687.09947
21.0,2577,7689.571893
21.0,2576,7696.002663
21.0,2577,7710.564572
20.0,2613,7715.208167
21.0,2577,7715.562931
21.0,2577,7718.580683
21.0,2577,7718.962932
21.0,2577,7719.571481
21.0,2577,7722.043967
21.0,2577,7728.455526
21.0,2577,7742.93796
21.0,2577,7747.48836
21.0,2577,7747.84333
21.0,2577,7750.903634
21.0,2577,7751.333274
21.0,2577,7752.380227
21.0,2577,7754.451582
21.0,2577,7760.872296
21.0,2577,7775.397041
20.0,2614,7780.250599
21.0,2577,7780.250852
21.0,2577,7783.430831
21.0,2577,7783.80372
21.0,2577,7784.812002
21.0,2577,7786.903086
21.0,2577,7793.328193
21.0,2577,7807.843431
21.0,2577,7812.794232
21.0,2577,7812.794476
21.0,2577,7815.801271
21.0,2577,7816.174917
21.0,2577,7817.181659
20.0,2552,7819.023569
21.0,2577,7825.696468
21.0,2577,7840.386394
21.0,2577,7845.241343
21.0,2577,7845.241795
21.0,2577,7848.252395
20.0,2651,7850.757891
20.0,2735,7850.953191
21.0,2577,7851.506207
21.0,2577,7858.164872
21.0,2577,7872.707849
20.0,2560,7877.474524
20.0,2679,7879.007252
21.0,2577,7880.653851
20.0,2552,7883.085721
21.0,2577,7883.140118
21.0,2577,7883.877811
21.0,2577,7890.535774
21.0,2577,7905.445164
20.0,2552,7909.565295
21.0,2577,7911.25956
21.0,2577,7912.89333
19.0,2587,7915.423009
20.0,2651,7916.076264
21.0,2577,7916.121102
21.0,2577,7923.243429
21.0,2577,7937.811796
21.0,2577,7941.936305
21.0,2560,7943.544287
21.0,2577,7945.748262
21.0,2577,7948.939911
20.0,2651,7949.752505
17.0,2813,7951.109066
20.0,2552,7955.790245
21.0,2577,7971.330813
21.0,2577,7975.862931
21.0,2577,7977.474268
21.0,2577,7979.290335
21.0,2577,7982.456306
21.0,2577,7983.200476
21.0,2577,7984.443154
21.0,2577,7988.949396
21.0,2577,8003.731241
21.0,2577,8008.227054
21.0,2577,8009.83389
21.0,2577,8011.616352
21.0,2577,8014.803452
21.0,2577,8015.544022
21.0,2577,8016.793593
21.0,2577,8021.33262
21.0,2577,8036.029027
21.0,2577,8040.565559
21.0,2577,8042.175746
21.0,2577,8043.973849
21.0,2577,8047.154832
21.0,2577,8048.307615
21.0,2577,8049.154993
14.0,3079,8060.134775
18.0,2716,8070.382819
21.0,2577,8073.201814
21.0,2577,8074.827995
21.0,2577,8076.626761
21.0,2577,8079.818972
21.0,2577,8081.814566
20.0,2701,8082.557893
21.0,2577,8092.670534
21.0,2577,8103.183525
21.0,2577,8106.121747
21.0,2577,8107.767262
21.0,2577,8109.703269
21.0,2577,8113.119181
21.0,2577,8115.214588
21.0,2577,8115.988762
21.0,2577,8126.412266
21.0,2577,8137.023666
21.0,2577,8139.457637
21.0,2577,8141.078237
21.0,2577,8142.872517
21.0,2577,8146.042414
21.0,2577,8148.419647
21.0,2577,8148.757923
20.0,2620,8159.719399
21.0,2577,8169.425521
21.0,2577,8171.823344
21.0,2577,8173.426121
21.0,2577,8175.205067
21.0,2577,8178.378668
21.0,2577,8180.764235
21.0,2577,8181.100585
21.0,2577,8192.165513
21.0,2577,8201.894913
21.0,2577,8204.333672
21.0,2577,8205.942039
21.0,2577,8208.094183
19.0,2660,8212.091499
21.0,2577,8213.303729
21.0,2577,8213.646898
21.0,2577,8224.680606
21.0,2577,8234.614822
21.0,2577,8237.452583
20.0,2614,8239.468368
21.0,2577,8240.927251
20.0,2552,8244.66569
21.0,2577,8246.460403
17.0,2858,8249.677722
21.0,2577,8257.616152
21.0,2577,8267.520554
21.0,2577,8272.336152
14.0,2747,8272.400232
21.0,2577,8273.800555
21.0,2577,8277.559113
21.0,2577,8279.372164
18.0,2733,8284.872595
21.0,2577,8290.578917
21.0,2577,8300.489961
21.0,2577,8305.301244
21.0,2577,8305.36526
21.0,2577,8306.778944
21.0,2577,8310.56376
20.0,2672,8313.750469
21.0,2577,8317.973445
21.0,2577,8323.586994
21.0,2577,8333.498764
21.0,2577,8338.324573
20.0,2560,8339.640429
13.0,2972,8343.373124
18.0,2714,8345.65901
21.0,2577,8346.63483
21.0,2577,8350.936511
18.0,2562,8356.384288
21.0,2577,8366.362048
20.0,2604,8371.797907
21.0,2577,8372.426694
19.0,2587,8376.722132
21.0,2577,8378.530522
18.0,2552,8379.27411
16.0,2659,8384.818822
21.0,2577,8389.03843
21.0,2577,8404.401193
18.0,2682,8406.428473
11.0,3208,8407.384387
21.0,2577,8411.060945
14.0,2762,8411.446277
21.0,2577,8411.802472
21.0,2577,8417.32539
19.0,2710,8423.624076
21.0,2637,8437.653317
21.0,2577,8440.19289
15.0,2775,8441.930193
21.0,2577,8444.227568
21.0,2577,8444.981913
19.0,2708,8445.496423
20.0,2614,8450.508889
19.0,2705,8458.047835
21.0,2577,8470.568685
21.0,2577,8473.025649
21.0,2577,8474.864015
20.0,2552,8477.702035
21.0,2638,8478.174228
21.0,2577,8478.462909
17.0,2599,8483.665391
19.0,2648,8491.715237
21.0,2577,8503.893772
21.0,2577,8506.06522
21.0,2577,8507.888291
21.0,2577,8510.732029
18.0,2562,8511.060514
21.0,2577,8511.491149
19.0,2600,8517.327113
21.0,2577,8525.174933
21.0,2577,8536.782988
21.0,2577,8538.816528
19.0,2690,8542.024272
21.0,2577,8543.365659
19.0,2588,8543.795772
21.0,2577,8544.123437
21.0,2577,8549.986532
20.0,2552,8557.08602
21.0,2577,8569.492543
21.0,2577,8571.495204
21.0,2577,8574.707823
21.0,2577,8576.061625
21.0,2577,8576.49594
21.0,2577,8577.227552
20.0,2620,8583.026378
19.0,2589,8590.325976
21.0,2577,8601.949045
21.0,2577,8603.933766
21.0,2577,8607.131458
21.0,2577,8608.486536
20.0,2552,8608.682256
19.0,2527,8608.773299
21.0,2577,8615.45518
20.0,2552,8622.314492
20.0,2613,8634.562182
20.0,2613,8636.893355
21.0,2577,8639.363551
21.0,2577,8640.716474
21.0,2577,8640.996042
20.0,2675,8649.086553
9.0,3227,8649.170005
20.0,2552,8654.541702
21.0,2577,8667.436025
21.0,2577,8669.464812
21.0,2577,8672.315889
20.0,2673,8674.870143
12.0,3200,8681.246823
21.0,2577,8682.035581
20.0,2580,8682.147782
21.0,2577,8687.105695
21.0,2577,8700.249438
21.0,2577,8702.298838
20.0,2613,8705.597329
21.0,2577,8707.826298
21.0,2577,8714.258447
21.0,2577,8715.05147
17.0,2730,8717.043328
21.0,2577,8720.246599
19.0,2597,8733.752649
21.0,2576,8735.615554
21.0,2577,8738.925287
21.0,2577,8741.57965
21.0,2577,8748.462288
20.0,2718,8749.888486
21.0,2576,8750.482382
21.0,2577,8753.707387
21.0,2577,8767.134096
21.0,2577,8768.988544
21.0,2577,8772.286114
21.0,2577,8774.91115
21.0,2637,8782.39448
21.0,2576,8783.259783
21.0,2577,8783.865844
21.0,2577,8787.024238
21.0,2577,8800.577083
21.0,2648,8806.803083
21.0,2576,8808.340439
12.0,3240,8811.328166
21.0,2577,8816.670439
19.0,2616,8818.045876
18.0,2822,8819.035503
21.0,2577,8820.410469
21.0,2577,8833.516856
21.0,2576,8839.601786
21.0,2577,8841.110576
21.0,2577,8844.015965
21.0,2577,8850.567874
21.0,2577,8851.947985
19.0,2790,8852.039757
21.0,2577,8852.917958
21.0,2577,8866.444746
21.0,2577,8872.151731
21.0,2577,8873.659729
21.0,2577,8876.574616
21.0,2577,8883.147172
21.0,2577,8884.540564
21.0,2577,8884.632626
21.0,2577,8885.505644
21.0,2577,8899.253284
21.0,2577,8904.925864
21.0,2577,8906.44949
21.0,2577,8909.409127
21.0,2577,8915.982642
21.0,2577,8917.404778
21.0,2577,8917.497076
20.0,2580,8918.810865
21.0,2577,8931.957751
20.0,2552,8937.409916
21.0,2577,8939.19128
21.0,2577,8942.105898
21.0,2577,8948.701113
21.0,2577,8950.100849
21.0,2577,8950.193256
21.0,2577,8951.499722
21.0,2577,8964.638497
20.0,2552,8969.896257
21.0,2577,8972.289685
21.0,2577,8974.911792
21.0,2577,8981.543093
21.0,2577,8982.922734
21.0,2577,8983.015218
19.0,2736,8986.221203
21.0,2577,8997.387403
21.0,2578,9002.68491
21.0,2577,9005.072285
21.0,2577,9007.575094
21.0,2577,9015.893167
20.0,2608,9016.129889
21.0,2577,9019.176017
11.0,3118,9021.659726
19.0,2714,9032.119494
21.0,2577,9035.849097
21.0,2577,9038.188482
21.0,2577,9041.107606
21.0,2577,9049.27677
20.0,2673,9049.979254
21.0,2577,9051.874551
21.0,2577,9054.325182
21.0,2577,9064.729648
21.0,2577,9068.691172
21.0,2577,9073.763727
-2.0,3241,9079.185925
21.0,2577,9081.999571
21.0,2577,9082.701783
21.0,2577,9085.020038
21.0,2577,9087.091673
21.0,2577,9098.118503
21.0,2577,9101.843816
21.0,2577,9106.801309
21.0,2577,9112.221847
21.0,2577,9115.016037
21.0,2577,9115.715317
21.0,2577,9118.019784
21.0,2577,9120.085865
21.0,2577,9130.833297
21.0,2577,9134.319621
21.0,2577,9139.17474
21.0,2577,9144.514104
21.0,2577,9147.299382
20.0,2552,9147.766817
21.0,2577,9150.302109
13.0,3195,9160.152079
20.0,2580,9166.683895
11.0,3051,9168.889323
19.0,2626,9172.057678
20.0,2700,9178.546633
21.0,2577,9179.876654
21.0,2577,9180.730276
20.0,2580,9183.087104
15.0,2894,9197.28393
16.0,2734,9203.944777
19.0,2659,9205.964543
12.0,3238,9207.734401
21.0,2577,9211.653462
21.0,2577,9212.473261
21.0,2577,9215.506726
14.0,2932,9217.461317
21.0,2577,9229.694153
21.0,2577,9236.36759
19.0,2600,9239.004041
20.0,2624,9241.008291
21.0,2577,9243.994728
21.0,2577,9244.815721
21.0,2577,9247.773575
21.0,2577,9250.172702
19.0,2676,9263.106557
21.0,2576,9271.089962
20.0,2618,9273.578544
21.0,2577,9276.277162
20.0,2535,9276.712634
12.0,3382,9278.559418
21.0,2577,9280.158602
21.0,2577,9282.549775
21.0,2577,9295.587932
17.0,2736,9305.536876
17.0,2704,9307.663783
18.0,2580,9308.822023
20.0,2674,9310.556872
21.0,2577,9311.496986
21.0,2577,9312.991081
21.0,2561,9314.832469
20.0,2581,9328.020318
21.0,2577,9337.894518
21.0,2577,9341.150374
21.0,2577,9342.871393
21.0,2577,9343.799565
14.0,2958,9345.254615
20.0,2610,9345.718596
21.0,2577,9347.291026
20.0,2640,9361.6415
21.0,2576,9370.48077
19.0,2631,9374.564299
21.0,2577,9375.368763
21.0,2577,9376.289584
20.0,2580,9377.76399
21.0,2577,9378.198351
12.0,3258,9388.247622
21.0,2577,9394.04235
21.0,2577,9403.111472
21.0,2577,9407.280059
21.0,2577,9409.029835
20.0,2674,9409.441464
21.0,2577,9410.521988
21.0,2577,9410.955153
21.0,2577,9421.092482
21.0,2577,9426.863353
21.0,2577,9439.830617
21.0,2577,9441.580189
21.0,2577,9441.987286
11.0,3072,9442.003904
18.0,2619,9443.474941
21.0,2577,9443.510728
21.0,2577,9453.760938
21.0,2577,9459.290784
21.0,2576,9472.548053
21.0,2577,9474.289982
21.0,2577,9475.096921
21.0,2577,9475.113191
21.0,2577,9476.182137
18.0,2587,9476.718412
20.0,2614,9487.046981
17.0,2772,9494.816724
20.0,2552,9505.087994
20.0,2614,9507.856247
21.0,2577,9507.912001
21.0,2577,9507.928153
21.0,2577,9509.42244
19.0,2628,9510.035308
21.0,2577,9519.968132
20.0,2552,9527.471376
21.0,2577,9537.944846
20.0,2552,9540.479824
21.0,2577,9540.778936
19.0,2649,9541.457834
21.0,2577,9542.260723
21.0,2577,9542.870877
21.0,2577,9552.811281
21.0,2577,9560.337196
20.0,2675,9572.081629
21.0,2577,9573.535217
20.0,2674,9574.172451
21.0,2577,9574.228229
21.0,2577,9574.969637
21.0,2577,9575.583694
21.0,2577,9585.38281
21.0,2577,9592.9001
21.0,2577,9604.636955
20.0,2613,9606.438227
21.0,2577,9607.137568
21.0,2577,9607.191328
20.0,2614,9607.93496
21.0,2577,9608.194401
20.0,2674,9619.243907
21.0,2577,9625.35855
20.0,2552,9636.938237
21.0,2577,9638.996744
21.0,2577,9640.494051
18.0,2673,9640.62434
21.0,2577,9641.168264
9.0,3206,9647.818459
21.0,2577,9651.936019
21.0,2577,9658.056032
21.0,2577,9669.576972
21.0,2577,9672.004344
21.0,2577,9673.074464
21.0,2577,9673.601624
21.0,2577,9673.739499
21.0,2577,9680.315747
18.0,2702,9686.426146
21.0,2577,9690.602409
21.0,2577,9702.169466
21.0,2577,9704.620773
21.0,2577,9706.096777
21.0,2577,9706.359873
19.0,2648,9706.944549
21.0,2577,9713.071704
21.0,2577,9719.236045
20.0,2494,9722.577326
19.0,2710,9736.97809
21.0,2577,9737.358027
21.0,2577,9738.755208
18.0,2582,9739.066905
19.0,2715,9741.290964
21.0,2577,9745.616103
20.0,2598,9755.434519
15.0,2994,9757.100832
21.0,2577,9769.839612
21.0,2577,9770.216942
21.0,2577,9771.703696
21.0,2577,9772.013069
21.0,2577,9774.639503
21.0,2577,9778.599
21.0,2577,9788.380335
21.0,2577,9790.032022
21.0,2577,9802.584752
21.0,2577,9804.456474
21.0,2577,9804.765098
17.0,2784,9805.751629
21.0,2576,9807.351785
19.0,2647,9812.418088
21.0,2577,9821.038451
18.0,2771,9825.316139
21.0,2577,9835.073182
19.0,2566,9836.805353
21.0,2577,9837.215758
21.0,2577,9838.203326
21.0,2577,9839.803175
19.0,2669,9846.02621
21.0,2577,9853.268694
17.0,2773,9859.766929
20.0,2428,9867.201585
21.0,2577,9867.284136
21.0,2577,9869.816269
21.0,2577,9870.403658
21.0,2577,9872.007213
19.0,2617,9878.743631
21.0,2577,9886.14617
21.0,2577,9892.719453
21.0,2577,9899.927142
19.0,2588,9900.116465
21.0,2577,9902.592174
21.0,2577,9903.194246
11.0,2886,9909.303784
17.0,2901,9916.278038
21.0,2577,9919.454834
21.0,2577,9926.130118
20.0,2572,9933.267713
21.0,2577,9933.50215
20.0,2613,9936.34335
21.0,2577,9936.599812
21.0,2577,9942.411422
21.0,2577,9949.204691
21.0,2577,9952.271435
21.0,2577,9958.798307
21.0,2577,9966.53753
20.0,2717,9967.644831
21.0,2577,9969.201785
20.0,2614,9969.718078
21.0,2577,9974.853725
19.0,2627,9982.129833
21.0,2577,9984.525952
21.0,2577,9990.835069
21.0,2577,9999.999203
20.0,2735,10000.400579
21.0,2577,10001.545389
21.0,2577,10001.656361
21.0,2577,10006.894066
21.0,2577,10014.605543
21.0,2577,10016.762233
21.0,2577,10023.261807
21.0,2577,10032.576869
21.0,2577,10033.007294
21.0,2577,10034.229573
21.0,2577,10034.340214
21.0,2577,10039.542368
21.0,2577,10047.080311
19.0,2675,10050.574337
21.0,2577,10055.753202
21.0,2577,10065.237823
21.0,2577,10066.791449
21.0,2577,10066.905162
20.0,2674,10067.000892
21.0,2577,10072.206796
21.0,2577,10079.946592
21.0,2577,10083.473422
19.0,2694,10090.246119
21.0,2577,10098.037451
21.0,2577,10099.60431
21.0,2577,10099.803918
18.0,2600,10099.944241
20.0,2595,10105.517781
21.0,2577,10112.615127
18.0,2663,10117.365886
21.0,2577,10122.945192
21.0,2577,10130.781744
21.0,2577,10132.335355
21.0,2577,10132.532442
17.0,2944,10137.435821
21.0,2577,10138.370378
21.0,2577,10145.740932
21.0,2577,10150.519343
20.0,2552,10155.84621
21.0,2577,10165.401474
21.0,2577,10165.598051
17.0,2843,10167.221809
21.0,2577,10170.47817
21.0,2561,10171.248262
21.0,2577,10178.566849
21.0,2577,10183.333943
21.0,2577,10189.038946
21.0,2577,10198.13767
21.0,2577,10198.753163
20.0,2642,10201.017906
21.0,2577,10203.207313
18.0,2708,10205.636678
20.0,2552,10211.075135
21.0,2577,10216.066375
21.0,2577,10221.773708
21.0,2577,10230.869038
21.0,2577,10231.471125
21.0,2577,10233.690703
21.0,2577,10236.303073
21.0,2577,10238.311597
21.0,2577,10243.697366
21.0,2577,10248.672689
21.0,2577,10254.320557
21.0,2577,10263.912384
21.0,2577,10264.107924
21.0,2577,10266.347752
21.0,2577,10268.970456
21.0,2577,10270.997872
21.0,2577,10276.293904
21.0,2577,10281.766187
21.0,2577,10286.994604
21.0,2577,10296.74269
20.0,2620,10296.965506
21.0,2577,10298.992254
21.0,2577,10301.596315
19.0,2616,10304.358307
21.0,2577,10309.390466
19.0,2654,10315.075657
20.0,2674,10320.967546
19.0,2568,10329.556055
20.0,2674,10330.759954
21.0,2577,10332.073698
20.0,2608,10334.551005
21.0,2577,10337.041956
21.0,2577,10342.089059
21.0,2577,10348.080678
21.0,2577,10354.307202
20.0,2552,10362.596872
20.0,2608,10364.329695
21.0,2577,10365.350144
21.0,2577,10367.884903
21.0,2577,10370.408051
21.0,2577,10375.422152
21.0,2577,10381.621239
21.0,2577,10387.125687
21.0,2577,10395.385193
20.0,2552,10396.881747
21.0,2577,10398.147624
21.0,2577,10401.04305
21.0,2577,10403.113283
21.0,2577,10408.100538
21.0,2635,10414.780616
21.0,2577,10419.723909
21.0,2577,10427.954372
21.0,2577,10429.52193
21.0,2577,10430.889705
20.0,2611,10434.098484
21.0,2577,10435.846688
21.0,2577,10440.803205
20.0,2673,10448.784134
21.0,2577,10452.389416
21.0,2496,10459.945165
21.0,2577,10462.198585
21.0,2577,10463.448253
21.0,2577,10466.635976
21.0,2577,10468.38445
21.0,2496,10472.629321
17.0,2786,10484.210849
19.0,2650,10486.098074
21.0,2577,10492.621442
21.0,2577,10495.313562
21.0,2636,10497.169107
21.0,2577,10499.471729
17.0,2726,10503.302339
21.0,2577,10505.762554
21.0,2576,10517.518408
21.0,2577,10519.473886
21.0,2496,10524.80678
21.0,2577,10528.640424
20.0,2612,10530.835235
21.0,2577,10532.86309
20.0,2614,10537.42766
21.0,2577,10539.167552
21.0,2577,10550.969317
21.0,2637,10553.887214
21.0,2577,10558.671254
20.0,2622,10562.614849
20.0,2552,10564.112294
21.0,2577,10566.37161
20.0,2552,10570.570745
20.0,2717,10574.280101
21.0,2577,10584.274462
21.0,2577,10587.2158
21.0,2577,10591.998719
20.0,2552,10595.741617
21.0,2577,10597.491142
20.0,2733,10602.091475
21.0,2577,10603.946416
21.0,2577,10607.701414
19.0,2686,10619.411356
19.0,2876,10624.692717
21.0,2577,10625.717163
21.0,2577,10629.327373
21.0,2577,10631.040828
21.0,2577,10635.460176
20.0,2552,10637.028751
21.0,2577,10640.878403
19.0,2664,10653.210942
21.0,2577,10657.44493
21.0,2577,10658.053053
21.0,2577,10661.659405
21.0,2577,10663.359825
21.0,2620,10668.16463
20.0,2651,10670.422195
20.0,2551,10672.913654
18.0,2723,10687.319866
21.0,2577,10689.777729
20.0,2579,10690.403503
20.0,2552,10693.733863
20.0,2613,10696.410789
20.0,2580,10700.922611
21.0,2577,10702.740674
21.0,2577,10705.243004
21.0,2577,10719.591072
21.0,2577,10722.043007
21.0,2561,10722.518781
21.0,2577,10726.002745
21.0,2577,10728.6814
21.0,2577,10733.182718
21.0,2577,10734.991722
21.0,2577,10737.897522
21.0,2576,10752.315182
21.0,2576,10754.359537
21.0,2577,10754.845235
20.0,2717,10760.618002
21.0,2577,10761.17806
21.0,2577,10767.570011
17.0,2747,10767.764772
21.0,2577,10770.609803
21.0,2576,10785.10002
21.0,2577,10787.184187
21.0,2577,10787.671771
21.0,2577,10793.408092
21.0,2577,10793.970932
21.0,2577,10800.518745
20.0,2631,10801.246453
21.0,2577,10803.2489
19.0,2748,10819.743376
21.0,2577,10819.79759
20.0,2552,10820.048292
21.0,2577,10826.059597
21.0,2577,10826.625295
21.0,2577,10833.196054
21.0,2577,10833.93031
21.0,2577,10835.97793
20.0,2552,10852.307437
21.0,2577,10853.247077
20.0,2672,10853.902097
21.0,2577,10858.744298
21.0,2577,10859.314985
21.0,2577,10866.366121
21.0,2577,10866.691492
17.0,2561,10868.534923
21.0,2576,10884.900205
21.0,2576,10885.83276
21.0,2577,10886.495888
21.0,2577,10892.249538
21.0,2637,10892.265935
21.0,2577,10898.816354
20.0,2614,10899.519739
19.0,2677,10902.631802
19.0,2587,10918.260123
21.0,2576,10919.096199
18.0,2629,10920.679653
21.0,2577,10925.567976
21.0,2577,10925.584789
21.0,2577,10932.196526
21.0,2577,10932.8684
18.0,2685,10937.154274
21.0,2577,10951.828941
21.0,2637,10951.976261
20.0,2614,10953.752609
21.0,2577,10958.390712
20.0,2611,10958.709377
21.0,2577,10964.975539
20.0,2614,10966.411429
21.0,2577,10969.966683
21.0,2577,10984.607935
21.0,2577,10984.75781
17.0,2718,10988.286335
21.0,2577,10991.111973
21.0,2577,10991.43335
20.0,2552,10997.426553
21.0,2577,10999.103807
21.0,2577,11002.722186
21.0,2577,11017.269912
21.0,2577,11017.418225
21.0,2577,11021.351752
21.0,2577,11023.763753
21.0,2577,11024.080604
21.0,2577,11030.041333
21.0,2577,11031.699744
21.0,2577,11035.190771
21.0,2577,11049.782183
21.0,2637,11050.615906
21.0,2577,11053.687596
21.0,2577,11056.078579
21.0,2577,11056.799142
21.0,2577,11062.359475
21.0,2577,11064.013222
21.0,2577,11067.509635
19.0,2587,11082.669193
21.0,2577,11083.005531
21.0,2577,11086.076552
21.0,2577,11088.458636
21.0,2637,11089.842606
20.0,2672,11096.157064
21.0,2577,11096.523067
21.0,2577,11100.431492
21.0,2577,11115.609161
21.0,2577,11115.944392
21.0,2577,11119.045969
21.0,2577,11121.862972
21.0,2577,11122.746905
21.0,2577,11129.068646
21.0,2577,11129.435893
21.0,2577,11133.394108
21.0,2577,11148.095071
21.0,2577,11148.430918
21.0,2577,11151.526628
21.0,2576,11154.343278
21.0,2577,11155.238401
21.0,2577,11161.587694
21.0,2577,11162.349041
21.0,2577,11165.8426
21.0,2577,11180.520898
21.0,2577,11180.854559
21.0,2577,11183.92083
21.0,2577,11186.693024
21.0,2576,11187.966026
21.0,2577,11193.886914
21.0,2577,11194.678139
21.0,2577,11198.218757
21.0,2577,11213.546039
20.0,2618,11213.609899
21.0,2577,11216.635278
21.0,2577,11219.437314
21.0,2577,11220.728779
21.0,2577,11227.016457
21.0,2577,11227.379893
21.0,2577,11230.888225
21.0,2577,11246.589733
21.0,2577,11246.664183
21.0,2577,11249.472197
21.0,2577,11252.293491
21.0,2577,11253.594335
21.0,2577,11260.004632
21.0,2577,11260.368417
21.0,2577,11263.976794
21.0,2577,11279.543955
21.0,2577,11279.607466
18.0,2679,11283.612788
21.0,2577,11285.054332
21.0,2577,11286.354022
21.0,2577,11292.806987
21.0,2577,11293.170799
21.0,2577,11296.71308
20.0,2552,11312.109832
21.0,2577,11312.294364
21.0,2577,11316.905638
20.0,2552,11317.700131
21.0,2577,11319.23055
21.0,2577,11325.689834
20.0,2552,11325.821152
21.0,2577,11330.001046
21.0,2577,11345.002653
21.0,2577,11345.188109
21.0,2577,11349.682543
20.0,2651,11351.587082
21.0,2577,11352.0069
21.0,2577,11358.382414
21.0,2577,11358.512036
21.0,2577,11362.790217
21.0,2577,11377.76928
21.0,2577,11377.95579
21.0,2577,11382.45593
21.0,2577,11384.345878
21.0,2577,11384.767375
21.0,2577,11391.114506
20.0,2614,11392.001244
21.0,2577,11395.412051
21.0,2577,11410.438332
20.0,2580,11410.652982
21.0,2577,11415.093792
21.0,2577,11416.998143
21.0,2577,11417.42428
21.0,2577,11423.905801
21.0,2577,11424.790036
20.0,2552,11428.003013
21.0,2577,11443.611614
20.0,2614,11443.758541
21.0,2577,11448.067601
21.0,2577,11449.977904
21.0,2577,11450.811302
20.0,2651,11457.881496
20.0,2685,11459.083205
21.0,2577,11460.846017
21.0,2577,11476.685016
21.0,2577,11476.835987
21.0,2577,11480.719059
21.0,2577,11483.427257
19.0,2649,11483.69878
21.0,2577,11490.481779
21.0,2577,11491.685426
21.0,2577,11493.434325
21.0,2577,11509.395904
21.0,2577,11509.543745
21.0,2577,11513.422231
21.0,2577,11516.164224
21.0,2577,11516.434144
21.0,2577,11524.403668
20.0,2777,11525.907615
21.0,2577,11526.164972
21.0,2577,11542.132393
21.0,2577,11542.279566
18.0,2708,11547.806154
21.0,2577,11548.89973
21.0,2577,11549.171796
21.0,2577,11557.170315
21.0,2577,11558.685732
21.0,2577,11558.940187
21.0,2577,11574.594494
21.0,2577,11574.741912
20.0,2613,11581.046105
21.0,2577,11581.638839
19.0,2725,11583.197566
20.0,2673,11590.947318
21.0,2577,11591.387245
17.0,2861,11594.600021
21.0,2577,11607.094626
21.0,2577,11607.25838
21.0,2577,11613.567357
21.0,2577,11614.166227
21.0,2577,11615.717565
21.0,2577,11623.601048
21.0,2577,11624.513884
21.0,2577,11627.793587
21.0,2577,11639.960401
21.0,2577,11640.111036
21.0,2577,11646.382742
21.0,2577,11647.414821
19.0,2610,11649.326638
21.0,2577,11656.383729
21.0,2577,11657.226286
21.0,2577,11660.52773
20.0,2552,11672.436973
20.0,2732,11675.111761
21.0,2577,11680.124251
20.0,2695,11680.659818
21.0,2577,11681.990259
20.0,2608,11689.717942
21.0,2577,11689.866244
20.0,2552,11692.88145
21.0,2577,11705.259253
21.0,2577,11708.201752
21.0,2577,11714.022223
21.0,2577,11715.387709
16.0,2783,11715.905815
21.0,2577,11723.463185
21.0,2577,11723.635187
21.0,2577,11726.696465
21.0,2577,11739.020832
21.0,2577,11741.689484
21.0,2577,11747.172451
21.0,2577,11748.487753
21.0,2577,11749.396944
21.0,2577,11756.149635
21.0,2577,11756.29768
21.0,2577,11759.318323
21.0,2577,11771.75776
21.0,2577,11773.993982
21.0,2577,11779.888673
21.0,2577,11781.708322
15.0,2876,11784.828645
21.0,2577,11788.480023
21.0,2577,11788.639225
21.0,2577,11791.67767
21.0,2577,11804.272452
18.0,2727,11808.345786
21.0,2577,11812.476365
21.0,2577,11814.298735
21.0,2577,11817.449733
21.0,2577,11821.115107
21.0,2577,11824.253739
18.0,2864,11825.175079
21.0,2577,11836.734245
20.0,2685,11842.251973
21.0,2577,11844.901461
21.0,2577,11846.714876
21.0,2577,11849.843509
21.0,2577,11853.491518
21.0,2577,11856.787525
21.0,2577,11857.720706
21.0,2577,11869.259386
21.0,2577,11874.719368
21.0,2577,11877.370104
21.0,2577,11879.192114
21.0,2577,11882.319994
21.0,2577,11885.975581
21.0,2577,11889.167209
19.0,2697,11891.606634
21.0,2577,11901.601588
21.0,2577,11907.570676
21.0,2577,11909.83529
21.0,2577,11911.642277
21.0,2577,11914.784668
21.0,2577,11918.899181
21.0,2577,11922.07685
21.0,2577,11924.138355
21.0,2577,11934.23825
21.0,2577,11940.114403
21.0,2577,11942.368215
21.0,2577,11944.176357
21.0,2577,11947.289823
21.0,2577,11951.38001
21.0,2577,11954.675978
21.0,2577,11956.749251
17.0,2856,11970.173193
21.0,2577,11972.630267
21.0,2577,11974.950727
21.0,2577,11977.189821
21.0,2577,11979.939659
21.0,2577,11984.032833
21.0,2577,11987.212657
21.0,2577,11989.301199
21.0,2577,12003.266931
21.0,2577,12008.006914
18.0,2779,12008.060831
21.0,2577,12009.848245
21.0,2577,12012.97807
20.0,2651,12017.745954
21.0,2577,12019.809873
21.0,2577,12021.864151
21.0,2577,12035.756861
21.0,2577,12040.470505
21.0,2577,12040.525832
21.0,2577,12042.311286
21.0,2577,12045.430649
21.0,2577,12052.28044
21.0,2577,12054.320114
13.0,2926,12054.337016
21.0,2577,12068.252694
21.0,2577,12073.122614
20.0,2595,12073.346474
21.0,2577,12074.945269
21.0,2577,12078.074146
21.0,2577,12084.896511
20.0,2614,12087.749259
21.0,2622,12087.843959
20.0,2595,12101.258457
21.0,2577,12105.796937
21.0,2577,12106.023157
21.0,2577,12107.62724
20.0,2775,12113.415823
21.0,2577,12117.550745
18.0,2564,12120.235963
19.0,2729,12122.281773
21.0,2577,12133.66735
21.0,2577,12138.202791
21.0,2577,12138.426045
21.0,2577,12140.037172
20.0,2552,12145.264565
21.0,2577,12150.04127
21.0,2577,12152.702137
20.0,2552,12154.519208
21.0,2577,12166.089584
20.0,2552,12170.651168
21.0,2577,12170.677216
21.0,2577,12172.49464
21.0,2577,12178.122025
19.0,2686,12183.956059
21.0,2577,12185.210553
21.0,2577,12187.05033
21.0,2577,12199.102714
21.0,2577,12203.239798
19.0,2698,12204.771763
19.0,2669,12206.34943
21.0,2577,12210.727351
21.0,2577,12217.034558
21.0,2577,12217.879369
21.0,2577,12219.707191
21.0,2577,12231.789304
21.0,2577,12237.472533
19.0,2758,12238.469367
21.0,2577,12239.046961
20.0,2672,12244.650394
21.0,2577,12249.587538
21.0,2577,12250.435107
21.0,2577,12252.662688
19.0,2644,12264.951728
21.0,2518,12270.570159
20.0,2612,12270.882163
21.0,2518,12271.161069
21.0,2518,12276.399764
20.0,2640,12282.93288
21.0,2577,12283.594939
21.0,2577,12285.441051
21.0,2577,12298.219711
21.0,2577,12304.131423
21.0,2577,12304.416956
20.0,2672,12304.749822
19.0,2656,12311.166143
21.0,2577,12316.588416
21.0,2577,12317.255983
21.0,2577,12319.179167
21.0,2577,12332.238396
21.0,2577,12337.738408
21.0,2577,12338.026035
21.0,2577,12338.776382
19.0,2669,12345.85932
21.0,2577,12350.464424
20.0,2711,12352.430051
16.0,2903,12357.025659
21.0,2577,12365.582079
21.0,2577,12371.398255
20.0,2619,12372.549601
19.0,2697,12372.701366
21.0,2577,12379.280465
21.0,2577,12383.844714
20.0,2608,12386.106172
21.0,2577,12390.334545
20.0,2552,12398.708673
21.0,2577,12406.074021
19.0,2633,12406.899434
20.0,2717,12406.985995
21.0,2577,12412.751101
21.0,2577,12417.451878
21.0,2577,12419.73751
21.0,2577,12423.893275
21.0,2577,12432.038779
21.0,2577,12439.240486
21.0,2577,12440.107799
18.0,2730,12441.88015
21.0,2577,12445.571876
21.0,2577,12450.011643
20.0,2651,12453.303446
19.0,2719,12458.082544
21.0,2577,12464.474394
21.0,2577,12471.995992
21.0,2577,12472.462138
21.0,2577,12474.237113
21.0,2577,12477.944715
20.0,2679,12483.754089
19.0,2774,12488.332234
20.0,2683,12491.843727
21.0,2577,12496.781407
21.0,2577,12504.283909
21.0,2577,12504.752516
21.0,2577,12506.527694
21.0,2577,12510.667446
21.0,2577,12516.162841
20.0,2679,12522.172467
18.0,2702,12525.958672
20.0,2673,12530.694939
21.0,2577,12537.377417
20.0,2712,12538.604125
20.0,2674,12540.508902
21.0,2577,12543.337721
18.0,2840,12552.12784
21.0,2577,12554.840834
21.0,2577,12558.607023
21.0,2577,12563.324345
20.0,2552,12569.859553
21.0,2577,12571.33234
21.0,2577,12573.237526
21.0,2577,12576.167308
21.0,2577,12584.927255
21.0,2577,12587.637055
21.0,2577,12591.451039
21.0,2577,12596.136075
21.0,2577,12602.665439
21.0,2577,12604.120675
21.0,2577,12606.001972
21.0,2637,12609.370714
21.0,2577,12617.951304
21.0,2577,12620.259753
21.0,2577,12623.98703
21.0,2577,12628.670017
21.0,2577,12635.299241
21.0,2577,12636.7674
21.0,2577,12638.658454
20.0,2650,12643.133488
21.0,2577,12650.604106
21.0,2577,12652.920839
21.0,2577,12657.084313
21.0,2577,12661.408898
21.0,2577,12668.257626
21.0,2577,12669.31829
20.0,2679,12672.545995
21.0,2577,12675.6158
21.0,2560,12682.861435
20.0,2552,12685.051236
21.0,2577,12689.415284
21.0,2577,12694.08222
21.0,2577,12700.657835
21.0,2577,12702.147234
21.0,2577,12705.511556
21.0,2577,12708.258919
21.0,2577,12715.554339
21.0,2577,12717.778548
21.0,2577,12722.149356
21.0,2577,12726.914834
21.0,2577,12733.369283
21.0,2577,12734.815961
21.0,2577,12738.061814
21.0,2577,12741.31024
21.0,2577,12748.211368
19.0,2812,12753.457732
21.0,2577,12754.868853
21.0,2577,12759.593965
21.0,2577,12766.111471
21.0,2577,12767.572346
20.0,2673,12772.14507
21.0,2577,12773.931928
21.0,2577,12780.870352
21.0,2577,12786.069294
21.0,2577,12787.414287
21.0,2577,12792.158255
21.0,2577,12798.621706
21.0,2577,12800.083326
21.0,2576,12804.61268
21.0,2577,12806.388858
21.0,2577,12813.231391
21.0,2577,12818.45555
21.0,2577,12819.813373
21.0,2577,12824.505966
20.0,2552,12830.699944
20.0,2631,12832.891496
20.0,2642,12837.508557
20.0,2672,12840.006309
20.0,2672,12846.851178
21.0,2577,12851.178935
21.0,2577,12852.121684
19.0,2590,12857.03195
19.0,2755,12865.164589
19.0,2650,12866.362283
21.0,2577,12869.906585
21.0,2577,12872.378807
21.0,2577,12879.243689
20.0,2552,12884.25849
20.0,2674,12884.873116
21.0,2577,12889.886477
21.0,2518,12897.051443
21.0,2577,12898.820201
20.0,2679,12903.705478
21.0,2577,12904.821856
21.0,2577,12911.745377
21.0,2577,12916.765806
19.0,2698,12918.911853
21.0,2577,12922.20346
19.0,2583,12929.423552
18.0,2767,12933.721408
21.0,2577,12936.039012
21.0,2577,12937.175153
21.0,2577,12944.199937
20.0,2672,12950.533375
21.0,2577,12951.390131
21.0,2577,12954.680151
21.0,2577,12961.983893
20.0,2552,12966.101278
21.0,2577,12969.094474
21.0,2577,12969.80769
21.0,2577,12977.288142
21.0,2577,12983.271588
21.0,2577,12984.132087
21.0,2577,12987.435973
21.0,2577,12995.121956
21.0,2577,12998.794291
21.0,2577,13001.756819
21.0,2577,13002.469561
19.0,2747,13011.778274
21.0,2577,13016.557711
20.0,2673,13017.023473
21.0,2577,13019.924539
21.0,2577,13027.604089
21.0,2577,13031.276649
21.0,2577,13034.236921
21.0,2577,13034.951607
21.0,2577,13044.245768
21.0,2577,13049.094829
21.0,2577,13049.955311
21.0,2577,13052.40236
21.0,2577,13060.053253
21.0,2577,13063.704169
21.0,2577,13066.648872
21.0,2577,13067.759868
21.0,2577,13076.849548
21.0,2577,13081.652484
21.0,2577,13082.523097
21.0,2577,13084.977049
21.0,2577,13092.67186
21.0,2577,13096.339354
21.0,2577,13099.30731
21.0,2577,13100.438084
21.0,2577,13109.313318
21.0,2577,13114.095931
21.0,2577,13114.968596
21.0,2577,13117.42405
21.0,2577,13125.141243
21.0,2577,13129.245123
21.0,2577,13131.83304
21.0,2577,13132.951694
21.0,2577,13142.258548
21.0,2577,13147.056696
21.0,2577,13147.514791
21.0,2577,13150.376411
21.0,2577,13157.653936
21.0,2577,13161.756238
21.0,2577,13164.302109
21.0,2577,13165.415069
21.0,2577,13174.730397
21.0,2577,13179.583185
21.0,2577,13180.04823
21.0,2577,13182.907525
21.0,2577,13190.264189
21.0,2577,13194.333886
21.0,2577,13197.326202
21.0,2577,13198.038967
21.0,2577,13207.392982
21.0,2577,13212.196605
21.0,2577,13212.657877
21.0,2577,13215.643476
21.0,2577,13223.380788
21.0,2577,13227.040924
21.0,2577,13229.993068
21.0,2577,13230.706417
21.0,2577,13240.105892
21.0,2577,13245.337172
20.0,2681,13246.273999
21.0,2577,13248.196329
21.0,2577,13255.846748
21.0,2577,13259.515496
21.0,2577,13262.482153
21.0,2577,13263.196422
21.0,2577,13272.544705
21.0,2577,13277.797689
21.0,2577,13278.737086
21.0,2577,13280.654366
21.0,2577,13288.316653
21.0,2577,13291.999515
21.0,2577,13294.993563
21.0,2577,13296.119756
20.0,2612,13305.739183
21.0,2577,13310.663056
21.0,2577,13311.2014
21.0,2577,13313.118636
21.0,2577,13320.797805
21.0,2577,13324.453373
21.0,2577,13327.40572
21.0,2577,13328.524471
21.0,2577,13338.154326
20.0,2552,13342.850786
21.0,2577,13343.624608
21.0,2577,13345.544975
21.0,2577,13353.384934
21.0,2577,13357.097179
21.0,2577,13361.160962
19.0,2730,13361.905058
21.0,2577,13370.873028
20.0,2552,13374.927497
21.0,2518,13375.787509
20.0,2672,13379.459381
21.0,2577,13385.794858
21.0,2577,13389.917633
21.0,2577,13393.602613
21.0,2577,13394.681712
21.0,2577,13402.905392
21.0,2577,13407.412544
21.0,2577,13407.861397
20.0,2655,13412.657195
20.0,2552,13417.682711
21.0,2577,13421.99775
21.0,2577,13425.665891
21.0,2577,13426.820102
19.0,2724,13437.163332
21.0,2577,13440.292248
20.0,2651,13440.556638
19.0,2669,13446.517971
19.0,2709,13451.921435
17.0,2901,13458.468138
18.0,2721,13461.198959
16.0,3029,13464.214963
21.0,2577,13469.80745
21.0,2577,13473.174095
20.0,2651,13474.028157
19.0,2669,13480.390119
19.0,2859,13488.39729
20.0,2651,13492.16399
21.0,2577,13493.770291
21.0,2577,13496.754789
21.0,2577,13502.450061
21.0,2577,13506.779855
20.0,2651,13507.045697
21.0,2577,13513.471089
21.0,2577,13521.748587
21.0,2577,13525.6201
21.0,2577,13527.213976
21.0,2577,13530.128609
21.0,2577,13536.07882
21.0,2577,13539.895459
20.0,2612,13540.898576
21.0,2577,13546.255176
19.0,2626,13554.792637
21.0,2577,13558.072638
21.0,2577,13559.686445
21.0,2577,13562.688544
21.0,2577,13568.582454
21.0,2577,13572.377482
20.0,2552,13572.731109
21.0,2577,13578.696843
19.0,2584,13587.298726
21.0,2577,13590.649018
19.0,2657,13593.420067
21.0,2577,13595.259573
21.0,2577,13601.297276
20.0,2552,13604.90474
21.0,2577,13605.902149
21.0,2577,13611.532693
21.0,2577,13620.472653
21.0,2577,13623.69946
20.0,2614,13626.819785
20.0,2580,13627.922913
21.0,2577,13633.850744
21.0,2577,13637.412101
21.0,2577,13638.40185
21.0,2577,13643.992476
19.0,2754,13655.335503
21.0,2577,13656.492439
21.0,2577,13659.639494
21.0,2577,13661.273782
21.0,2577,13666.855637
21.0,2577,13671.501895
18.0,2722,13672.716015
21.0,2577,13677.604534
21.0,2577,13688.352569
21.0,2577,13689.530975
19.0,2709,13694.364529
18.0,2789,13696.660615
21.0,2577,13699.83154
21.0,2577,13704.407237
21.0,2577,13705.613856
21.0,2577,13710.52035
21.0,2577,13721.208109
21.0,2577,13722.363726
21.0,2577,13727.092697
21.0,2577,13729.34556
21.0,2577,13732.550809
21.0,2577,13737.146366
21.0,2577,13738.416472
21.0,2577,13743.301869
21.0,2577,13754.338688
21.0,2577,13755.091683
19.0,2615,13760.229811
21.0,2577,13762.554329
21.0,2577,13765.65093
21.0,2577,13769.796014
21.0,2577,13770.989277
21.0,2577,13775.796396
21.0,2577,13786.810358
21.0,2577,13787.563721
21.0,2577,13794.972736
17.0,2904,13796.981663
21.0,2577,13798.087215
21.0,2577,13802.228509
20.0,2673,13804.712281
21.0,2577,13808.226012
21.0,2577,13819.186744
21.0,2577,13819.934856
21.0,2577,13827.325968
21.0,2577,13829.344378
21.0,2577,13830.443848
21.0,2577,13834.97211
21.0,2577,13837.063049
21.0,2577,13840.576115
21.0,2577,13851.520418
20.0,2673,13853.583633
21.0,2577,13859.757229
21.0,2577,13862.865503
20.0,2679,13863.137161
21.0,2577,13867.426328
21.0,2577,13869.54743
21.0,2577,13873.071072
21.0,2577,13886.292322
16.0,3107,13890.996218
21.0,2577,13892.590642
21.0,2577,13895.778158
21.0,2577,13896.048791
21.0,2577,13900.392928
19.0,2712,13904.19048
21.0,2577,13906.036499
20.0,2673,13920.498048
19.0,2594,13923.922997
19.0,2815,13928.388294
21.0,2577,13928.445465
20.0,2552,13928.481652
21.0,2577,13933.006938
21.0,2577,13936.778458
21.0,2577,13939.052372
21.0,2577,13953.068255
21.0,2577,13956.928588
21.0,2577,13960.985716
21.0,2577,13961.040659
21.0,2577,13961.076182
21.0,2577,13965.63541
21.0,2577,13969.874532
21.0,2577,13971.727702
20.0,2651,13986.843349
21.0,2577,13989.573815
21.0,2577,13993.746154
21.0,2577,13993.784896
18.0,2833,13996.928001
21.0,2577,13998.296683
21.0,2577,14002.482116
21.0,2577,14004.314923
21.0,2577,14019.497438
21.0,2577,14022.179119
21.0,2577,14026.707918
19.0,2710,14028.424965
21.0,2577,14029.953052
21.0,2577,14030.931136
21.0,2577,14035.135657
21.0,2577,14036.995267
21.0,2577,14052.227565
20.0,2614,14055.310346
21.0,2577,14059.589134
21.0,2577,14061.283724
21.0,2577,14062.776153
21.0,2577,14063.744836
21.0,2577,14067.965365
21.0,2577,14069.829301
21.0,2577,14085.957767
21.0,2577,14088.688559
21.0,2577,14092.967891
21.0,2577,14094.69399
21.0,2577,14096.215583
21.0,2577,14097.631998
21.0,2577,14101.522778
21.0,2577,14103.407106
21.0,2577,14119.352097
21.0,2577,14122.519961
21.0,2577,14126.451565
19.0,2754,14130.358578
20.0,2674,14131.113886
21.0,2577,14131.16859
21.0,2577,14135.190408
21.0,2577,14137.111213
21.0,2577,14153.128033
21.0,2577,14156.290405
21.0,2577,14160.146353
21.0,2577,14164.403459
20.0,2674,14166.102403
16.0,2694,14166.350809
20.0,2614,14169.521203
19.0,2688,14172.213758
21.0,2577,14186.616213
21.0,2577,14189.790681
20.0,2651,14194.804337
21.0,2577,14197.887869
21.0,2577,14199.593475
21.0,2577,14199.849641
20.0,2552,14202.737673
21.0,2577,14205.610472
21.0,2577,14220.006455
21.0,2577,14223.299292
21.0,2577,14228.145884
21.0,2577,14231.221143
21.0,2577,14232.872653
21.0,2577,14233.114398
21.0,2577,14235.893364
20.0,2680,14240.047072
19.0,2692,14254.319175
21.0,2577,14255.927496
21.0,2577,14260.771522
21.0,2577,14263.746708
21.0,2577,14265.414818
21.0,2577,14265.660223
21.0,2577,14268.537244
21.0,2577,14273.110384
21.0,2577,14286.924899
21.0,2577,14288.52825
21.0,2577,14293.398564
21.0,2577,14296.465363
21.0,2577,14298.131152
21.0,2577,14298.376624
20.0,2552,14300.94501
21.0,2577,14305.71798
21.0,2577,14319.560766
21.0,2577,14321.182851
21.0,2577,14326.022731
21.0,2577,14329.089193
21.0,2577,14330.755231
21.0,2577,14330.998504
19.0,2679,14334.914486
21.0,2577,14338.314769
21.0,2577,14352.612752
19.0,2677,14355.116693
21.0,2577,14358.582012
21.0,2577,14361.648468
20.0,2552,14363.0733
21.0,2577,14363.950664
21.0,2577,14367.443551
20.0,2675,14372.230139
20.0,2580,14385.103468
21.0,2577,14387.583413
21.0,2577,14391.466949
21.0,2577,14394.117218
21.0,2577,14395.455345
21.0,2577,14396.330927
21.0,2577,14399.850744
20.0,2674,14405.961394
21.0,2577,14417.630731
21.0,2577,14420.565196
19.0,2695,14425.606275
19.0,2649,14427.860985
21.0,2577,14428.205475
21.0,2577,14429.08929
21.0,2577,14432.636217
21.0,2577,14438.813863
21.0,2577,14450.431756
21.0,2577,14453.418644
21.0,2577,14458.524004
20.0,2552,14460.54527
21.0,2577,14461.524348
21.0,2577,14462.008703
21.0,2577,14465.51902
20.0,2657,14472.829891
20.0,2674,14484.724101
21.0,2577,14486.32522
21.0,2577,14491.407337
21.0,2577,14493.410948
21.0,2577,14494.912865
19.0,2772,14496.840686
21.0,2577,14498.621561
14.0,2867,14510.304792
21.0,2577,14518.973217
21.0,2577,14520.570034
21.0,2577,14525.624919
21.0,2577,14529.378303
19.0,2715,14529.677297
21.0,2577,14531.340869
16.0,3118,14540.362873
18.0,2672,14545.335988
21.0,2577,14553.811434
19.0,2772,14554.958328
19.0,2655,14560.042686
21.0,2577,14563.142113
21.0,2577,14564.669046
17.0,2821,14565.609729
20.0,2674,14574.467833
21.0,2577,14578.101776
21.0,2577,14587.685853
20.0,2674,14587.937845
21.0,2577,14592.805099
19.0,2656,14596.511847
21.0,2577,14597.290384
21.0,2577,14598.227087
19.0,2658,14607.804174
21.0,2561,14610.562207
21.0,2577,14620.169031
21.0,2577,14620.420131
21.0,2577,14625.221792
21.0,2577,14628.920033
20.0,2614,14630.04883
19.0,2772,14633.295314
21.0,2577,14640.338372
21.0,2577,14642.969926
21.0,2577,14652.566187
21.0,2577,14652.819013
21.0,2577,14657.678401
21.0,2577,14662.075732
21.0,2577,14662.812727
21.0,2577,14666.226791
20.0,2674,14674.617021
21.0,2577,14676.003137
21.0,2577,14685.637665
21.0,2577,14685.916157
21.0,2577,14690.790035
21.0,2577,14694.933876
21.0,2577,14695.647557
19.0,2693,14700.452862
20.0,2673,14708.607833
21.0,2577,14708.69045
21.0,2577,14718.695767
20.0,2674,14719.802509
20.0,2674,14724.914842
21.0,2577,14727.749977
21.0,2577,14728.475194
21.0,2577,14733.257388
21.0,2577,14741.49271
21.0,2577,14741.575321
20.0,2614,14752.311018
21.0,2577,14752.638826
21.0,2577,14757.797773
20.0,2613,14760.960329
21.0,2577,14761.750316
20.0,2568,14766.102518
21.0,2577,14774.958786
21.0,2577,14775.041144
21.0,2577,14785.323716
21.0,2577,14785.653167
21.0,2577,14790.741954
21.0,2577,14793.801333
21.0,2577,14794.509869
21.0,2577,14799.162014
20.0,2717,14809.129561
16.0,2748,14809.504827
21.0,2577,14817.736413
21.0,2577,14818.067351
21.0,2577,14823.777706
21.0,2576,14826.920034
20.0,2580,14827.33562
20.0,2552,14831.76448
21.0,2577,14841.982193
21.0,2577,14842.360197
21.0,2577,14850.638194
21.0,2577,14851.369645
21.0,2577,14856.494099
21.0,2577,14859.665419
21.0,2577,14860.078558
21.0,2577,14864.470312
21.0,2577,14874.641586
21.0,2577,14875.019477
21.0,2577,14883.468838
21.0,2577,14884.22499
21.0,2577,14889.514038
20.0,2619,14893.437439
20.0,2674,14893.961582
21.0,2577,14897.443237
21.0,2577,14907.59326
21.0,2577,14907.972958
21.0,2577,14916.873815
21.0,2577,14917.203107
20.0,2640,14923.426901
21.0,2577,14926.790822
21.0,2577,14926.911001
20.0,2675,14931.849827
21.0,2577,14940.718861
21.0,2577,14941.498864
21.0,2577,14950.218831
20.0,2662,14950.706735
21.0,2577,14956.295645
21.0,2577,14959.656625
20.0,2674,14960.465794
21.0,2496,14963.220446
21.0,2577,14973.133044
21.0,2577,14973.908894
21.0,2577,14982.471573
21.0,2577,14982.957356
21.0,2577,14988.464787
21.0,2577,14992.002705
21.0,2577,14993.212592
21.0,2577,14995.63923
21.0,2577,15006.032415
21.0,2577,15006.407585
21.0,2577,15014.875538
21.0,2577,15015.760181
21.0,2577,15020.929262
21.0,2577,15024.345761
21.0,2577,15025.555151
21.0,2577,15027.991774
21.0,2577,15038.49138
21.0,2577,15038.86741
21.0,2577,15047.399055
21.0,2577,15048.302518
21.0,2577,15053.526519
20.0,2614,15057.804589
21.0,2577,15058.262609
20.0,2651,15061.809207
21.0,2577,15071.132254
21.0,2577,15071.510234
21.0,2577,15080.046738
21.0,2577,15080.938392
21.0,2577,15086.140523
20.0,2552,15090.590047
19.0,2626,15090.84077
21.0,2577,15094.37871
21.0,2577,15103.71887
21.0,2577,15104.097753
21.0,2577,15113.086433
21.0,2577,15113.57448
21.0,2577,15118.932766
21.0,2577,15123.501257
21.0,2577,15123.753816
21.0,2577,15127.315631
21.0,2577,15136.738084
21.0,2577,15137.120656
21.0,2577,15146.14837
21.0,2577,15146.682901
21.0,2577,15151.974555
21.0,2577,15156.420201
21.0,2577,15160.654454
15.0,2866,15160.680323
21.0,2577,15169.850212
20.0,2658,15171.398432
20.0,2619,15179.619208
21.0,2577,15179.710762
21.0,2577,15185.329872
21.0,2577,15189.363978
21.0,2577,15193.545037
18.0,2864,15197.059657
21.0,2577,15202.463969
21.0,2577,15204.004755
21.0,2577,15212.168612
21.0,2577,15212.26061
21.0,2577,15217.908404
21.0,2577,15221.939833
21.0,2577,15226.056499
21.0,2577,15229.590104
21.0,2577,15234.963324
21.0,2577,15236.513504
21.0,2577,15245.075679
20.0,2614,15245.344935
21.0,2577,15250.283885
21.0,2577,15254.270684
21.0,2577,15258.418681
21.0,2577,15261.948916
21.0,2577,15267.764426
21.0,2577,15269.310732
21.0,2577,15277.465912
21.0,2577,15277.737086
21.0,2577,15282.748887
17.0,2823,15290.32782
21.0,2577,15290.985355
17.0,2824,15297.668752
19.0,2647,15301.060316
16.0,2847,15305.519318
21.0,2577,15310.682839
21.0,2577,15310.986836
21.0,2577,15316.127761
17.0,2644,15324.419626
21.0,2577,15324.446465
21.0,2577,15331.302108
21.0,2577,15334.630713
19.0,2775,15341.25025
21.0,2577,15343.887342
21.0,2577,15344.158331
21.0,2577,15349.171283
21.0,2577,15357.404203
19.0,2587,15357.523892
19.0,2693,15365.644152
21.0,2577,15367.840526
21.0,2577,15374.397045
21.0,2577,15376.883166
19.0,2678,15377.989586
20.0,2552,15381.611105
21.0,2577,15390.105063
21.0,2577,15390.637151
21.0,2577,15398.746943
16.0,2842,15403.860161
18.0,2635,15407.604267
21.0,2577,15409.536057
21.0,2577,15410.63677
20.0,2572,15414.596514
21.0,2577,15423.694076
20.0,2620,15424.22047
21.0,2577,15431.928013
21.0,2577,15437.021143
21.0,2577,15440.824155
21.0,2577,15443.144202
21.0,2577,15443.841316
21.0,2560,15447.242724
21.0,2577,15456.267723
20.0,2656,15457.955791
21.0,2577,15464.4698
21.0,2577,15469.591248
21.0,2577,15473.332533
21.0,2577,15475.650846
21.0,2577,15476.349808
21.0,2577,15479.787449
21.0,2577,15488.76811
21.0,2577,15490.461593
21.0,2577,15497.006752
21.0,2577,15502.130199
21.0,2577,15506.293271
21.0,2577,15508.240905
21.0,2577,15508.937917
21.0,2577,15512.750784
21.0,2577,15521.529071
21.0,2577,15523.218973
21.0,2577,15529.91048
21.0,2577,15535.040624
21.0,2577,15539.283284
21.0,2577,15541.249162
21.0,2577,15542.361567
21.0,2577,15545.87895
21.0,2577,15554.616569
21.0,2577,15556.297766
21.0,2577,15562.803316
21.0,2577,15567.897704
21.0,2577,15572.075167
21.0,2577,15574.008717
21.0,2577,15575.129216
21.0,2577,15578.580416
21.0,2577,15587.288123
21.0,2560,15588.918184
21.0,2577,15595.713759
21.0,2577,15601.123143
21.0,2577,15604.912879
21.0,2577,15606.831033
21.0,2577,15607.923269
21.0,2577,15611.325652
21.0,2577,15619.928946
21.0,2577,15621.420078
21.0,2577,15628.02799
21.0,2577,15633.465305
21.0,2577,15637.184096
21.0,2577,15639.098959
21.0,2577,15640.187671
21.0,2577,15643.541939
21.0,2577,15652.495156
21.0,2577,15653.611694
21.0,2577,15660.619977
21.0,2577,15665.670057
21.0,2577,15669.416005
21.0,2577,15671.709867
21.0,2577,15672.403775
21.0,2577,15675.76417
21.0,2577,15684.712385
21.0,2577,15686.218132
21.0,2577,15692.855132
21.0,2577,15697.986925
21.0,2577,15701.751282
21.0,2577,15704.068652
21.0,2577,15704.762084
21.0,2577,15708.162565
21.0,2577,15717.375973
21.0,2577,15718.895422
21.0,2577,15725.582806
21.0,2577,15730.724339
19.0,2703,15736.511374
21.0,2577,15736.84509
21.0,2577,15737.543785
21.0,2577,15740.93646
20.0,2552,15749.738902
21.0,2577,15751.58931
20.0,2674,15759.630548
15.0,2930,15768.023833
21.0,2577,15769.237682
21.0,2577,15769.56488
21.0,2577,15770.260331
21.0,2577,15774.0877
21.0,2577,15782.515761
21.0,2577,15784.278788
19.0,2721,15794.479558
21.0,2577,15801.13937
21.0,2577,15802.255409
21.0,2577,15802.581776
21.0,2577,15803.687753
21.0,2577,15807.106192
21.0,2577,15815.552393
21.0,2577,15817.318057
21.0,2577,15827.148155
21.0,2577,15833.68912
21.0,2577,15834.871004
21.0,2577,15835.197839
19.0,2703,15837.876494
21.0,2577,15839.698903
20.0,2673,15849.268425
21.0,2577,15849.710993
20.0,2673,15860.612225
21.0,2577,15865.829678
21.0,2577,15867.392211
21.0,2577,15870.24557
19.0,2814,15870.295165
21.0,2577,15872.114225
21.0,2577,15882.218878
20.0,2675,15883.11368
